seed,gen,best,mean,best_H,best_F,best_Min
0,0,-29.15668503058789,-38.98776894753938,20.283406099423694,31.205240152959526,239.5
0,1,-19.408583883222494,-34.0371380727463,17.047861466523738,26.22747917926729,214.85
0,2,-19.408583883222494,-30.41162189421524,17.047861466523738,26.22747917926729,214.85
0,3,-19.408583883222494,-26.638723350833473,17.047861466523738,26.22747917926729,214.85
0,4,-18.032259405031184,-22.884231583179826,14.823853890503473,22.80592906231304,199.1
0,5,-16.78561272852147,-20.887098736560855,16.92065850711432,26.03178231863742,224.35
0,6,-16.78561272852147,-19.263228748139532,16.92065850711432,26.03178231863742,224.35
0,7,-13.065741876486413,-18.332107618927274,13.87358946570123,21.34398379338651,178.54999999999998
0,8,-13.065741876486413,-16.951413486117982,13.87358946570123,21.34398379338651,178.54999999999998
0,9,-13.01071422983146,-15.991489499958973,13.465847693165074,20.716688758715502,175.4
0,10,-11.586857075068288,-14.266628389898933,12.88223797608684,19.81882765551822,177.14999999999998
0,11,-11.486449578442567,-12.97079842066735,13.031605465701228,20.048623793386508,177.64999999999998
0,12,-11.067816682000654,-12.677923760267197,12.955918557380455,19.932182395969935,180.0
0,13,-11.067816682000654,-11.830369957467072,12.955918557380455,19.932182395969935,180.0
0,14,-10.692404672225528,-11.370530723193982,12.752217443365389,19.618796066715987,180.39999999999998
0,15,-9.78543782105809,-11.05147730685851,13.99295797608684,21.52762765551822,183.8
0,16,-9.251460268834554,-10.858745321545669,13.86293744336539,21.327596066715987,186.0
0,17,-9.251460268834554,-10.52863187779724,13.86293744336539,21.327596066715987,186.0
0,18,-9.225516078175486,-10.048940170070022,13.814800453453966,21.253539159159956,185.10000000000002
0,19,-9.156161579454123,-9.359527746921621,13.800129191630296,21.23096798712353,182.10000000000002
0,20,-8.101942418785795,-9.225990942110222,13.854961156437762,21.3153248560581,188.05
0,21,-7.968752456560166,-9.144210940952277,13.931577443365388,21.433196066715986,186.0
0,22,-7.327265990376002,-8.900703071875819,14.2030733683612,21.85088210517108,189.25
0,23,-7.260972842727465,-8.257522840055257,14.174598650950916,21.807074847616803,186.0
0,24,-7.208879964350441,-7.827738539483529,14.202106454773034,21.849394545804675,186.39999999999998
0,25,-7.11457438331488,-7.596942659624486,14.17084971622359,21.8013072557286,183.39999999999998
0,26,-7.087799533155469,-7.261884443799544,14.398078703824028,22.150890313575434,188.09999999999997
0,27,-6.645857666487406,-7.183901774027049,14.257440054757714,21.93452316116572,180.45
0,28,-6.645857666487406,-7.1082280256075885,14.257440054757714,21.93452316116572,180.45
0,29,-6.343166770420294,-6.9977259269757255,14.074400054757715,21.65292316116572,180.45
0,30,-6.1711233465719895,-6.786408513124155,13.943144879097792,21.450992121688913,177.35000000000002
0,31,-6.16712334657199,-6.5530428022734215,13.943144879097792,21.450992121688913,177.14999999999998
0,32,-6.156437283231317,-6.39779908890485,14.227077445285108,21.887811454284783,181.45
0,33,-4.879077372074986,-6.215856833322938,14.66504834522738,22.561612838811357,185.89999999999998
0,34,-4.879077372074986,-6.113026458306467,14.66504834522738,22.561612838811357,185.89999999999998
0,35,-4.879077372074986,-6.0492033160181835,14.66504834522738,22.561612838811357,185.89999999999998
0,36,-4.595914002861673,-5.728016105679656,14.941709703747982,22.98724569807382,187.14999999999998
0,37,-4.569914002861675,-4.884534897056437,14.941709703747982,22.98724569807382,185.85000000000002
0,38,-4.569914002861675,-4.747892070712314,14.941709703747982,22.98724569807382,185.85000000000002
0,39,-4.271141756591111,-4.644288796379769,15.16595216736497,23.33223410363842,191.3
0,40,-4.271141756591111,-4.575770203717965,15.16595216736497,23.33223410363842,191.3
0,41,-4.271141756591111,-4.557307026619915,15.16595216736497,23.33223410363842,191.3
0,42,-4.15988595188773,-4.540546649053067,15.127011128209054,23.272324812629314,187.3
0,43,-4.15988595188773,-4.477854546947164,15.127011128209054,23.272324812629314,187.3
0,44,-4.157016452987464,-4.318464655321333,15.110699827358395,23.247230503628305,186.8
0,45,-4.132016452987464,-4.182774882368699,15.110699827358395,23.247230503628305,185.55
0,46,-4.132016452987464,-4.155885120644163,15.110699827358395,23.247230503628305,185.55
0,47,-4.102993898199332,-4.145974578882535,15.162527234564092,23.326964976252448,187.8
0,48,-4.075425791549693,-4.131285738053414,15.146215933713433,23.30187066725144,186.05
0,49,-4.060485625621388,-4.125841680593286,15.11621122780895,23.255709581244545,188.5
0,50,-3.784916233323739,-4.101707338065246,14.856027270104029,22.855426569390822,185.64999999999998
0,51,-3.7749162333237374,-4.0488277799573025,14.856027270104029,22.855426569390822,185.14999999999998
0,52,-3.6227917048223026,-3.960876298376293,15.335457864768715,23.593012099644184,188.5
0,53,-3.259272569218474,-3.8239333922125707,15.152417864768719,23.311412099644187,188.5
0,54,-2.7523693397364317,-3.715622691923098,15.0368718187798,23.133648951968926,187.89999999999998
0,55,-2.6726510453676466,-3.5950448156634915,15.15567928716726,23.316429672565015,188.1
0,56,-2.6726510453676466,-3.212629822789984,15.15567928716726,23.316429672565015,188.1
0,57,-2.545842900504643,-2.8630922021166976,15.134850060715415,23.28438470879295,184.95
0,58,-2.545842900504643,-2.6974114137072616,15.134850060715415,23.28438470879295,184.95
0,59,-2.540842900504644,-2.6515051195576125,15.134850060715415,23.28438470879295,184.7
1,0,-16.28287206915379,-38.59358481839482,13.60545968159046,20.931476433216094,174.45000000000002
1,1,-16.28287206915379,-31.468879979180688,13.60545968159046,20.931476433216094,174.45000000000002
1,2,-16.28287206915379,-26.65723230952497,13.60545968159046,20.931476433216094,174.45000000000002
1,3,-16.262609899920772,-22.588926748811435,10.986076821427652,16.90165664835024,199.15000000000003
1,4,-10.687745381848439,-19.927271589889802,10.77168834235012,16.57182821900019,159.05
1,5,-10.627321584632696,-17.903342713492442,13.13545677025109,20.20839503115552,146.20000000000002
1,6,-10.627321584632696,-15.184935476984819,13.13545677025109,20.20839503115552,146.20000000000002
1,7,-10.537696224122056,-12.475690978286607,10.66638635708848,16.409825164751517,159.8
1,8,-10.527696224122055,-10.721210111032859,10.66638635708848,16.409825164751517,159.3
1,9,-10.484937272137767,-10.646711662847995,12.826576770251087,19.733195031155518,146.05
1,10,-9.640801037393683,-10.601133552919064,12.381704621792252,19.04877634121885,142.15
1,11,-9.640801037393683,-10.543883650866512,12.381704621792252,19.04877634121885,142.15
1,12,-9.191449735657418,-10.411154108138923,11.15959412227248,17.168606341957663,169.05
1,13,-7.749956263020955,-10.087937836876055,12.105609646206803,18.62401484031816,143.55
1,14,-7.740283078778253,-9.498006264781713,12.086706847682887,18.594933611819826,142.15
1,15,-7.740283078778253,-9.106692128949057,12.086706847682887,18.594933611819826,142.15
1,16,-7.131594258100808,-8.53328322720726,11.365986847682887,17.48613361181983,138.8
1,17,-7.131594258100808,-7.816192146443381,11.365986847682887,17.48613361181983,138.8
1,18,-7.131594258100808,-7.53639110546309,11.365986847682887,17.48613361181983,138.8
1,19,-6.960674796493892,-7.3251173064799,11.093338940929442,17.06667529373761,138.5
1,20,-6.338168008729971,-7.148572358758871,10.623567920083868,16.343950646282877,134.7
1,21,-6.320265905443755,-7.081871211761742,10.612234699224054,16.326514921883163,134.5
1,22,-4.838475363206706,-6.965671215952527,10.563644987271045,16.25176151887854,134.35
1,23,-4.838475363206706,-6.666322193701135,10.563644987271045,16.25176151887854,134.35
1,24,-4.834395930974386,-6.255499357957698,10.586515257500075,16.286946550000124,134.5
1,25,-4.828475363206707,-5.952729874911353,10.563644987271045,16.25176151887854,133.85
1,26,-4.828475363206707,-5.254259905341273,10.563644987271045,16.25176151887854,133.85
1,27,-4.399679434881756,-4.827010588834335,11.312222005790026,17.403418470446194,145.9
1,28,-4.3896794348817565,-4.805997938990333,11.312222005790026,17.403418470446194,145.4
1,29,-3.0446775905653407,-4.708804977999669,10.551023652988217,16.23234408152034,132.5
1,30,-2.887392381567926,-4.477923678793319,10.655806050154215,16.39354776946803,133.9
1,31,-2.887392381567926,-4.178323677053449,10.655806050154215,16.39354776946803,133.9
1,32,-2.8706380415843284,-3.7522665872653587,10.598003587749018,16.304620904229264,130.85
1,33,-1.5521912958063595,-2.9432953130795543,10.577752030831194,16.273464662817226,132.0
1,34,-1.5521912958063595,-2.8450805836135284,10.577752030831194,16.273464662817226,132.0
1,35,-1.5521912958063595,-2.7572832268978713,10.577752030831194,16.273464662817226,132.0
1,36,-1.458676530549436,-2.5204361941322633,10.743522456386879,16.528496086749048,132.7
1,37,-1.3750169986108034,-1.8200236205096072,10.645420775872351,16.377570424419005,135.04999999999998
1,38,-1.3750169986108034,-1.534275451749655,10.645420775872351,16.377570424419005,135.04999999999998
1,39,-1.3750169986108034,-1.497165800273132,10.645420775872351,16.377570424419005,135.04999999999998
1,40,-1.232818208845309,-1.4484992198240834,10.68541596122495,16.439101478807615,140.10000000000002
1,41,-1.135939608995887,-1.4283192250167778,10.692724199456448,16.45034492224069,142.65
1,42,-0.6059559193355213,-1.363601249528624,10.74074708805016,16.52422628930794,129.55
1,43,-0.6059559193355213,-1.2556713350894146,10.74074708805016,16.52422628930794,129.55
1,44,-0.3686631895514374,-1.0598306095459014,10.777264925775512,16.58040757811617,136.95
1,45,-0.35041990460374883,-0.9032662027376439,10.772749819069329,16.573461260106658,136.95
1,46,0.463583151957641,-0.5029493131597991,10.41020756406348,16.015703944713046,138.6
1,47,0.463583151957641,-0.19297932798468806,10.41020756406348,16.015703944713046,138.6
1,48,0.586825860733807,0.16694905591140619,10.465786854837708,16.101210545904166,141.95
1,49,0.6008258607338064,0.36568876429581515,10.465786854837708,16.101210545904166,141.25
1,50,0.6133001476600413,0.47636672275390707,10.437569676444639,16.05779950222252,141.45
1,51,0.6133001476600413,0.5112208354603945,10.437569676444639,16.05779950222252,141.45
1,52,0.6273001476600406,0.5962247400952684,10.437569676444639,16.05779950222252,140.75
1,53,0.6273001476600406,0.6080307793821307,10.437569676444639,16.05779950222252,140.75
1,54,0.6433495572724492,0.6183178882567424,10.493811115177957,16.144324792581475,141.35
1,55,0.6573495572724486,0.6243037771854332,10.493811115177957,16.144324792581475,140.65
1,56,0.6713001476600411,0.6300478971401176,10.437569676444639,16.05779950222252,138.54999999999998
1,57,1.0655173904754953,0.6409095133130117,10.261921953600972,15.78757223630919,140.0
1,58,1.0655173904754953,0.68055231484779,10.261921953600972,15.78757223630919,140.0
1,59,1.0655173904754953,0.769308252240391,10.261921953600972,15.78757223630919,140.0
2,0,-25.861105483363808,-37.55681250284856,18.16844807601183,27.95145857847974,218.85000000000002
2,1,-22.895382818760705,-31.596398924665,14.183846253303289,21.821301928158906,243.85
2,2,-22.46959570155107,-27.51335140163249,14.080671504200556,21.662571544923935,230.15
2,3,-17.080404711946517,-24.77040841982863,14.8915642458328,22.910098839742766,202.44999999999996
2,4,-15.773676305098691,-22.710789447040742,16.31375465193039,25.098084079892903,177.89999999999998
2,5,-14.27920215058673,-20.493225856586154,8.980700785263725,13.816462746559573,148.04999999999998
2,6,-11.345642070618737,-18.17086303941858,15.724041275495589,24.19083273153168,166.25
2,7,-11.345642070618737,-16.10640107619126,15.724041275495589,24.19083273153168,166.25
2,8,-10.739780237817767,-14.653233781510261,8.390987408828922,12.909211398198343,136.39999999999998
2,9,-10.678740508649042,-12.855727710584569,8.265703136763692,12.716466364251838,136.6
2,10,-8.454586975607914,-11.21661153785,9.148145539705117,14.074070061084793,143.7
2,11,-8.454586975607914,-10.783841481022618,9.148145539705117,14.074070061084793,143.7
2,12,-8.454586975607914,-10.566764873431557,9.148145539705117,14.074070061084793,143.7
2,13,-8.202441815474103,-10.09179327447536,8.896701676332965,13.687233348204561,140.2
2,14,-8.202441815474103,-8.940998564329037,8.896701676332965,13.687233348204561,140.2
2,15,-5.66075862644122,-8.354070639952768,10.102552370431484,15.54238826220228,154.15
2,16,-5.373857585435806,-8.091608091581547,9.747338476332965,14.995905348204563,148.89999999999998
2,17,-5.373857585435806,-7.628048400500704,9.747338476332965,14.995905348204563,148.89999999999998
2,18,-3.6877224607577492,-6.269197311017949,9.74877966158651,14.99812255628694,148.89999999999998
2,19,-3.6877224607577492,-4.933976271155802,9.74877966158651,14.99812255628694,148.89999999999998
2,20,-3.6877224607577492,-3.9010062304581847,9.74877966158651,14.99812255628694,148.89999999999998
2,21,-3.216649760445737,-3.6848683022924793,10.35730446158651,15.934314556286942,149.7
2,22,-2.989648655948054,-3.6531548949149344,9.221624461586512,14.18711455628694,146.39999999999998
2,23,-2.7524022452788124,-3.575304207118457,9.747842305324042,14.996680469729299,150.2
2,24,-2.1796625301503934,-3.326800492531478,9.830149261586513,15.123306556286941,146.1
2,25,-2.0771186976497003,-3.0355610536459356,9.221624461586512,14.18711455628694,146.1
2,26,-2.0771186976497003,-2.744448669892873,9.221624461586512,14.18711455628694,146.1
2,27,0.24228673920235266,-2.2684479268400706,9.830149261586511,15.123306556286941,146.89999999999998
2,28,0.25728673920235323,-1.8712884824009333,9.830149261586511,15.123306556286941,146.14999999999998
2,29,0.8374704320898374,-1.2931971159510525,9.83014926158651,15.123306556286941,146.1
2,30,0.8686431129756258,-0.7022650705539387,9.852723004300966,15.158035391232257,146.1
2,31,0.9124384623001145,0.45343472323848205,9.824634347832095,15.114822073587838,142.35
2,32,1.6037402496318904,0.8520425198510166,10.014002443225207,15.406157604961862,149.55
2,33,1.6037402496318904,0.8635496693794553,10.014002443225207,15.406157604961862,149.55
2,34,1.6187402496318892,0.9128815852970663,10.014002443225207,15.406157604961862,148.8
2,35,1.7560869406111852,1.039192128179738,9.982451031430505,15.35761697143155,141.89999999999998
2,36,1.9347990388043037,1.3544573752524383,9.824258389416315,15.1142436760251,140.45
2,37,2.6064084513626042,1.7291328553927099,9.893101137336883,15.220155595902899,142.75
2,38,3.492104918300142,1.8254424616694152,10.028621375219688,15.428648269568754,141.45
2,39,3.492104918300142,1.9630461925681706,10.028621375219688,15.428648269568754,141.45
2,40,3.816245317689793,2.2212480961091456,9.559587819977429,14.707058184580664,139.35
2,41,4.137022932741694,2.7052583205384884,9.301130807667462,14.309432011796098,137.14999999999998
2,42,5.172720097682506,3.6146748135525355,10.364508145515464,15.945397146946872,146.1
2,43,5.701134070906816,4.063622233598162,9.032432619977428,13.896050184580663,137.29999999999998
2,44,5.782705491838329,4.452728444140169,9.301130807667462,14.309432011796098,137.89999999999998
2,45,6.275601129632436,5.177070332128207,10.106839413443522,15.548983712990037,143.75
2,46,7.32056284767703,5.845524412988515,8.899259879732691,13.691169045742605,135.9
2,47,7.3305628476770295,6.115094329688031,8.899259879732691,13.691169045742605,135.4
2,48,7.364034798356677,6.568801949599259,8.900116845891297,13.692487455217378,137.65
2,49,7.364034798356677,6.978375233938525,8.900116845891297,13.692487455217378,137.65
2,50,7.36556284767703,7.2128823440589755,8.899259879732691,13.691169045742605,133.65
2,51,7.38056284767703,7.355371014653587,8.899259879732691,13.691169045742605,132.9
2,52,7.399034798356677,7.365919654202783,8.900116845891297,13.692487455217378,135.9
2,53,7.4055628476770305,7.372441606423336,8.899259879732691,13.691169045742605,131.65
2,54,7.4055628476770305,7.38504632845618,8.899259879732691,13.691169045742605,131.65
2,55,7.429806203664594,7.399140648119674,8.879799587041118,13.661230133909413,131.65
2,56,7.44056284767703,7.404658038271231,8.899259879732691,13.691169045742605,129.9
2,57,7.44056284767703,7.413917043519167,8.899259879732691,13.691169045742605,129.9
2,58,7.459034798356676,7.42737565031651,8.900116845891297,13.692487455217378,132.9
2,59,7.472787054658067,7.436321298504827,9.112776045891298,14.019655455217379,133.2
3,0,-24.90975626543336,-39.26596836875452,10.48077042091635,16.12426218602515,154.75
3,1,-24.541275161328812,-33.59426005636839,16.41667167151095,25.256417956170697,193.5
3,2,-19.06305746332903,-28.230582025501192,12.541344476402474,19.29437611754227,183.3
3,3,-15.717429798667098,-24.580789216969368,9.04332402091635,13.91280618602515,146.4
3,4,-14.375446801189756,-21.91165077793674,9.75626381054771,15.009636631611862,153.65
3,5,-13.225247579544003,-18.4517963934377,10.960457256976666,16.86224193381025,187.05
3,6,-10.770470064881495,-15.609316276563327,11.12410816069133,17.114012554909742,169.65
3,7,-10.770470064881495,-14.778264416326783,11.12410816069133,17.114012554909742,169.65
3,8,-4.653161680908313,-13.765085191488435,8.841680086769319,13.602584748875877,150.39999999999998
3,9,-4.638161680908314,-12.303818923032638,8.841680086769319,13.602584748875877,149.64999999999998
3,10,-4.638161680908314,-9.271618930358242,8.841680086769319,13.602584748875877,149.64999999999998
3,11,-3.4812873100075565,-6.4586996059571105,9.461686486769318,14.556440748875877,155.79999999999998
3,12,-3.4812873100075565,-4.641415741720382,9.461686486769318,14.556440748875877,155.79999999999998
3,13,-2.750079146084384,-4.342467479029687,9.771680328107317,15.033354350934337,157.6
3,14,-2.7350791460843835,-3.970043952291904,9.771680328107317,15.033354350934337,156.85
3,15,-2.7300791460843845,-3.558126994201718,9.771680328107317,15.033354350934337,156.6
3,16,-2.6211440537423476,-2.83957425903715,9.570590636961052,14.723985595324699,154.1
3,17,-1.532193476921825,-2.7035135956393033,9.806666097444845,15.08717861145361,159.6
3,18,-1.532193476921825,-2.636239779189278,9.806666097444845,15.08717861145361,159.6
3,19,-1.532193476921825,-2.424446661477221,9.806666097444845,15.08717861145361,159.6
3,20,-1.3545199471767342,-2.086431656756997,9.376180826132456,14.424893578665317,157.1
3,21,-1.3545199471767342,-1.7279229504026754,9.376180826132456,14.424893578665317,157.1
3,22,-0.9635328409409469,-1.5110896895620514,9.835081638226669,15.13089482804103,158.90000000000003
3,23,-0.5880712808589006,-1.3501327690772336,9.371125320748913,14.417115878075247,158.15
3,24,-0.5880712808589006,-1.257608240572349,9.371125320748913,14.417115878075247,158.15
3,25,-0.14671707620302743,-1.096101572467163,9.183925320748912,14.129115878075247,158.95000000000002
3,26,-0.11571707620302685,-0.8328367446616504,9.183925320748912,14.129115878075247,157.4
3,27,-0.07375635567193117,-0.48116084686222754,9.177598165977246,14.119381793811147,155.8
3,28,0.02721505518019396,-0.15891935727927875,9.483772000050742,14.590418461616524,163.15
3,29,0.4979371645201127,-0.08928496090618405,9.296572000050741,14.302418461616524,163.45000000000002
3,30,0.5289371645201133,0.007185283086737914,9.296572000050741,14.302418461616524,161.9
3,31,0.5712683981143656,0.19562777646747626,9.290244845279075,14.292684377352424,160.3
3,32,0.8092697105520419,0.42583746631947816,9.60656584138874,14.779332063674984,164.25
3,33,0.8816367016799813,0.5633030125677598,9.600238686617075,14.769597979410884,161.10000000000002
3,34,2.7139603853332765,0.6894162387257994,10.257485757678758,15.780747319505782,165.45000000000002
3,35,2.7139603853332765,0.947378839227412,10.257485757678758,15.780747319505782,165.45000000000002
3,36,2.7139603853332765,1.2649225866399023,10.257485757678758,15.780747319505782,165.45000000000002
3,37,3.0584780140543275,1.9574885621974363,10.273504788180576,15.805391981816271,171.55
3,38,3.4076784949735703,2.7661279617891044,10.57813551214546,16.274054634069937,173.95000000000002
3,39,3.4076784949735703,2.861118397745385,10.57813551214546,16.274054634069937,173.95000000000002
3,40,3.4076784949735703,3.061227709688309,10.57813551214546,16.274054634069937,173.95000000000002
3,41,3.5672369980462566,3.2017140911580872,10.648968142519296,16.38302791156815,179.85000000000002
3,42,3.5672369980462566,3.3950763026113577,10.648968142519296,16.38302791156815,179.85000000000002
3,43,3.661026682102431,3.436143694864632,10.698674515021178,16.459499253878736,180.0
3,44,3.661026682102431,3.498061167482971,10.698674515021178,16.459499253878736,180.0
3,45,3.712740575086457,3.5750613993118274,10.693896142519296,16.452147911568147,180.10000000000002
3,46,3.8154124544239263,3.6046021609596925,10.605074515021178,16.315499253878738,181.39999999999998
3,47,3.8525302741973313,3.674867559669323,10.463016142519296,16.096947911568147,179.9
3,48,4.244860920282467,3.7268465828469086,10.89873226951962,16.76728041464557,179.29999999999998
3,49,4.272795593733463,3.811955994043995,10.8793992966062,16.73753737939415,176.85
3,50,4.381279237528768,3.9337188243132424,10.879782697238513,16.73812722652079,176.95
3,51,4.438274164768647,4.1047181530404915,10.80638026951962,16.62520041464557,179.2
3,52,4.438274164768647,4.2956648943827425,10.80638026951962,16.62520041464557,179.2
3,53,4.438274164768647,4.360585632042881,10.80638026951962,16.62520041464557,179.2
3,54,4.5460303085907485,4.3941537293772015,10.787430697238513,16.59604722652079,176.85
3,55,4.571030308590748,4.422384235673452,10.787430697238513,16.59604722652079,175.6
3,56,4.571030308590748,4.472293406353674,10.787430697238513,16.59604722652079,175.6
3,57,4.571030308590748,4.560878359345333,10.787430697238513,16.59604722652079,175.6
3,58,4.607909185964626,4.57139909736449,10.718128338788876,16.48942821352135,172.79999999999998
3,59,4.6240786241619105,4.57341642999713,10.723300746345172,16.49738576360796,172.29999999999998
4,0,-23.59033218568822,-37.81598256303193,12.301867319751391,18.925949722694458,238.5
4,1,-21.20074844049583,-32.21146248360175,18.389685973837306,28.291824575134324,236.64999999999998
4,2,-15.319374702668895,-27.32257234971938,10.904216027171397,16.775716964879074,183.45
4,3,-14.846905219565281,-22.18362837121475,11.895565473162636,18.30086995871175,245.25
4,4,-10.957579629197188,-18.232087467367606,11.941013122884911,18.37078941982294,219.3
4,5,-9.516167855118145,-15.351885882991374,12.530981039482864,19.27843236843518,190.05
4,6,-9.516167855118145,-13.987211649016439,12.530981039482864,19.27843236843518,190.05
4,7,-7.622546103696877,-11.831807182960317,10.837408305177556,16.672935854119316,191.85
4,8,-7.622546103696877,-10.128412259360267,10.837408305177556,16.672935854119316,191.85
4,9,-7.622546103696877,-9.399861034404895,10.837408305177556,16.672935854119316,191.85
4,10,-7.622546103696877,-9.048387615885394,10.837408305177556,16.672935854119316,191.85
4,11,-7.622546103696877,-8.543857118786176,10.837408305177556,16.672935854119316,191.85
4,12,-7.622546103696877,-8.029232728890072,10.837408305177556,16.672935854119316,191.85
4,13,-7.409520695048922,-7.781583311192992,10.791234740534351,16.60189960082208,188.15
4,14,-7.409520695048922,-7.616019096963644,10.791234740534351,16.60189960082208,188.15
4,15,-7.318824366194006,-7.599859031632648,11.34706957883554,17.45703012128545,189.70000000000002
4,16,-7.102972646328821,-7.5449313051084745,10.732030349266555,16.51081592194855,191.35
4,17,-7.076008023470161,-7.410914070224099,10.824627061973683,16.653272403036436,189.70000000000002
4,18,-6.853109492329176,-7.29709599067646,10.778453497330478,16.5822361497392,185.55
4,19,-6.853109492329176,-7.081506205298353,10.778453497330478,16.5822361497392,185.55
4,20,-6.392574190391951,-6.910842543740406,10.75314118113481,16.54329412482279,185.65
4,21,-6.353274155967805,-6.844615997722196,10.757121695548996,16.549417993152304,183.65
4,22,-6.353274155967805,-6.7780536024715206,10.757121695548996,16.549417993152304,183.65
4,23,-5.778667901772982,-6.60712842246104,11.232715964856844,17.281101484395148,194.05
4,24,-5.05830305669647,-6.302225176835846,10.748785714744978,16.536593407299968,181.95000000000002
4,25,-5.020871167318067,-6.082467726023548,10.667961955804255,16.412249162775776,184.55
4,26,-5.020871167318067,-5.756807040696615,10.667961955804255,16.412249162775776,184.55
4,27,-4.318414506923865,-5.511598778849893,11.32059534526887,17.416300531182873,190.9
4,28,-4.318414506923865,-5.185660114071937,11.32059534526887,17.416300531182873,190.9
4,29,-3.7261055856037792,-4.971625948757633,10.857238777713093,16.703444273404756,183.4
4,30,-3.648589169206172,-4.740355996499122,10.795712341419481,16.60878821756843,184.55
4,31,-3.641720723609442,-4.269339645253687,10.878875391477031,16.736731371503122,183.05
4,32,-3.5874668012845206,-3.68742925413691,10.764620011592818,16.56095386398895,183.3
4,33,-3.5874668012845206,-3.642471493501501,10.764620011592818,16.56095386398895,183.3
4,34,-1.7792288674649086,-3.6069842616835217,11.351678527282978,17.46412081120458,189.20000000000002
4,35,-1.7792288674649086,-3.528265824884753,11.351678527282978,17.46412081120458,189.20000000000002
4,36,-1.756583272794824,-3.43090779441487,11.356792112898201,17.47198786599723,188.45000000000002
4,37,-1.756583272794824,-3.1049898254044646,11.356792112898201,17.47198786599723,188.45000000000002
4,38,-1.744312647802726,-2.350177413399059,11.11389807595781,17.09830473224278,186.5
4,39,-1.7419618604189644,-1.7592260995112037,11.367052905041136,17.487773700063286,188.45000000000002
4,40,-1.7329831246374248,-1.7529216214536099,11.31652270959514,17.410034937838674,187.3
4,41,-1.7101355286152202,-1.7458211937738661,11.337061104337254,17.441632468211157,187.70000000000002
4,42,-1.6755228381301492,-1.7369471105925294,10.886455905125036,16.748393700192363,186.5
4,43,-1.6568591469972649,-1.7275329310496466,11.01610923845837,16.94786036685903,186.5
4,44,-1.6111045829013353,-1.7122318091848774,10.928152735669155,16.81254267026024,180.9
4,45,-1.6111045829013353,-1.6918198948629923,10.928152735669155,16.81254267026024,180.9
4,46,-1.6111045829013353,-1.6674332637559162,10.928152735669155,16.81254267026024,180.9
4,47,-1.5677645992161438,-1.643728334050676,10.900692395120462,16.770295992493022,179.15
4,48,-1.5677645992161438,-1.6185667802010593,10.900692395120462,16.770295992493022,179.15
4,49,-1.5677645992161438,-1.603232793164475,10.900692395120462,16.770295992493022,179.15
4,50,-1.5592583246075424,-1.5862779769691118,10.769499942965691,16.56846145071645,178.4
4,51,-1.530897951106672,-1.567315357635722,11.239246571775308,17.29114857196201,178.85
4,52,-1.530897951106672,-1.5605024356654378,11.239246571775308,17.29114857196201,178.85
4,53,-1.4399309865304737,-1.552942428220771,11.31820340177529,17.41262061811583,179.35
4,54,-1.2862582444070974,-1.531915766650912,11.276774249423653,17.348883460651773,175.4
4,55,-1.0898926994267857,-1.469950886950137,10.807678279884659,16.627197353668706,175.20000000000002
4,56,-1.0693526779483484,-1.3685343270912416,10.867984916090318,16.719976793985104,175.20000000000002
4,57,-1.0693526779483484,-1.2506685838856766,10.867984916090318,16.719976793985104,175.20000000000002
4,58,-1.0645647807946457,-1.1732842338374103,10.936680953947366,16.825663006072872,178.20000000000002
4,59,-1.0493526779483489,-1.0835021041711688,10.867984916090318,16.719976793985104,174.20000000000002
0,0,-27.15668503058789,-36.70164156142498,20.283406099423694,31.205240152959526,239.5
0,1,-21.987700743622288,-32.00621227793611,16.966614089239695,26.102483214214914,219.3
0,2,-21.1858700515513,-27.83303512108708,17.59906981227258,27.07549201888089,218.04999999999998
0,3,-18.607022983080515,-24.94386620088028,12.36992795710249,19.030658395542297,171.15
0,4,-14.896306679196593,-22.191163961797862,14.70103650385287,22.61697923669672,198.9
0,5,-14.896306679196593,-20.705144794772185,14.70103650385287,22.61697923669672,198.9
0,6,-11.021410095014103,-18.501103876555522,13.053062533384377,20.081634666745195,175.20000000000002
0,7,-11.021410095014103,-16.022380878146812,13.053062533384377,20.081634666745195,175.20000000000002
0,8,-9.118244652678984,-13.998579378933753,12.845038626601372,19.76159788707903,176.25000000000003
0,9,-9.118244652678984,-12.210513929418276,12.845038626601372,19.76159788707903,176.25000000000003
0,10,-7.236431928995891,-10.921594592933094,12.169475740815999,18.722270370486157,194.04999999999998
0,11,-7.236431928995891,-10.196048399846696,12.169475740815999,18.722270370486157,194.04999999999998
0,12,-7.236431928995891,-9.235403019812779,12.169475740815999,18.722270370486157,194.04999999999998
0,13,-4.099825962661502,-8.145952576763817,11.932664461461567,18.35794532532548,178.04999999999998
0,14,-4.099825962661502,-7.2541897616641515,11.932664461461567,18.35794532532548,178.04999999999998
0,15,-1.9345429866959347,-6.0171003729414485,12.090975099264059,18.601500152713932,172.9
0,16,-1.647569254720889,-4.273362804450275,11.724091752621069,18.03706423480164,169.70000000000002
0,17,-1.5958406275457269,-3.4636168509386223,11.911739635413406,18.325753285251388,176.20000000000002
0,18,-0.9428361330613497,-1.9526247247030128,11.810735458937273,18.170362244518877,169.75
0,19,-0.9039125757660691,-1.641063580751503,11.873135458937272,18.266362244518874,169.45000000000002
0,20,-0.9039125757660691,-1.5253091112501462,11.873135458937272,18.266362244518874,169.45000000000002
0,21,-0.5136876006873101,-1.2701037775565474,11.948889936790298,18.382907595061994,176.4
0,22,-0.5136876006873101,-0.9056221079005995,11.948889936790298,18.382907595061994,176.4
0,23,-0.3684839048895536,-0.840666132883269,11.129276827786338,17.121964350440518,170.5
0,24,-0.16053307526181615,-0.7139298863525174,11.75472567516896,18.08419334641378,174.9
0,25,0.11552779541959635,-0.5052155886257066,11.636441363935687,17.902217482977978,178.6
0,26,0.2604791183793804,-0.3044073938775716,11.775089109441137,18.115521706832517,179.60000000000002
0,27,0.2809011671279198,-0.03335208073970387,11.832037718611192,18.203134951709526,178.65
0,28,0.5170865046570878,0.14133894916671236,11.464437011138495,17.637595401751526,175.6
0,29,0.5170865046570878,0.2486637917823865,11.464437011138495,17.637595401751526,175.6
0,30,1.0098444616172852,0.31280361270639767,11.861000262058516,18.247692710859255,178.45000000000002
0,31,1.0098444616172852,0.4357552898331554,11.861000262058516,18.247692710859255,178.45000000000002
0,32,1.0788934532123744,0.6612994601768313,11.838837011138494,18.213595401751526,177.1
0,33,1.8958229669532392,1.0326230383300585,11.902773568424278,18.31195933603735,179.45000000000002
0,34,1.8958229669532392,1.0697397987180048,11.902773568424278,18.31195933603735,179.45000000000002
0,35,1.8958229669532392,1.132052241444605,11.902773568424278,18.31195933603735,179.45000000000002
0,36,2.470696089582451,1.2402078454316798,11.885768363562656,18.285797482404085,179.45000000000002
0,37,3.071849382174137,1.5369995223726085,12.279421430742678,18.891417585757964,184.65
0,38,3.0778493821741373,2.08213495852997,12.279421430742678,18.891417585757964,184.35
0,39,3.19257756477115,2.40780797638397,12.238289278513326,18.828137351558965,180.85
0,40,3.19857756477115,2.6594247906418,12.238289278513326,18.828137351558965,180.54999999999998
0,41,3.2112767784325245,2.952535588763178,12.264955680536419,18.869162585440645,181.25000000000003
0,42,3.2112767784325245,3.162908849001805,12.264955680536419,18.869162585440645,181.25000000000003
0,43,3.213577564771149,3.19405011419714,12.238289278513326,18.828137351558965,179.79999999999998
0,44,3.4564610068495414,3.2054423545532176,11.798716942514424,18.151872219252965,178.8
0,45,3.4564610068495414,3.219400739640274,11.798716942514424,18.151872219252965,178.8
0,46,3.475983406793106,3.247701686461612,11.797126049211911,18.149424691095252,177.8
0,47,3.475983406793106,3.3019460661981537,11.797126049211911,18.149424691095252,177.8
0,48,4.02705354483168,3.450924436934407,12.182299647188824,18.741999457213574,178.95
0,49,4.169667589036842,3.5165752406159827,12.134020739371776,18.66772421441812,181.85
0,50,4.20024924680694,3.5762109980790355,12.107354337348685,18.62669898053644,178.95
0,51,4.20024924680694,3.771896317128892,12.107354337348685,18.62669898053644,178.95
0,52,4.20024924680694,4.038795060881042,12.107354337348685,18.62669898053644,178.95
0,53,4.20024924680694,4.096835596863249,12.107354337348685,18.62669898053644,178.95
0,54,4.204471851535,4.178052531070046,12.10203284820037,18.618512074154413,178.45
0,55,4.2102492468069395,4.190276694667893,12.107354337348685,18.62669898053644,178.45
0,56,4.273429564250237,4.202447919579623,11.95545186033266,18.393002862050245,175.2
0,57,4.273429564250237,4.207658456080276,11.95545186033266,18.393002862050245,175.2
0,58,4.273429564250237,4.221021979205317,11.95545186033266,18.393002862050245,175.2
0,59,4.30085856780043,4.242900725417326,11.968785061344207,18.413515478991084,174.5
1,0,-14.78287206915379,-36.28886075470032,13.60545968159046,20.931476433216094,174.45000000000002
1,1,-14.78287206915379,-29.01978602756904,13.60545968159046,20.931476433216094,174.45000000000002
1,2,-13.41262837107148,-24.232281780278456,10.302489655678247,15.849984085658843,188.89999999999998
1,3,-13.41262837107148,-20.49006412834087,10.302489655678247,15.849984085658843,188.89999999999998
1,4,-9.743885503037646,-17.386485645326697,10.295665985870308,15.839486132108167,169.65000000000003
1,5,-9.15594766050095,-14.784912442314294,9.715345985870307,14.94668613210817,166.60000000000002
1,6,-9.15594766050095,-12.736108355162346,9.715345985870307,14.94668613210817,166.60000000000002
1,7,-9.12143390053081,-10.955889005284568,9.724633852836739,14.960975158210374,166.60000000000002
1,8,-8.83568663317287,-9.475783161864682,10.3515751616241,15.92550024865246,169.84999999999997
1,9,-7.715508008751044,-9.17572279603425,10.330056586358687,15.892394748244138,171.09999999999997
1,10,-7.7124879855224115,-8.98615414784653,10.335601985870307,15.90092613210817,171.3
1,11,-6.613546917448996,-8.523172182687238,10.340095215708683,15.907838793397977,171.3
1,12,-6.245991259879446,-7.737163165774034,10.73995515567211,16.523007931803246,173.45
1,13,-5.7601426540093,-7.268844919658052,9.882435319061763,15.203746644710408,165.10000000000002
1,14,-5.715384549469665,-6.585345573700425,9.890317151634491,15.215872540976145,165.10000000000002
1,15,-5.63076177975713,-6.234041889408316,10.429755022638542,16.04577695790545,170.05
1,16,-5.490996599389902,-5.819039050044088,10.173229963149423,15.65112302022988,166.90000000000003
1,17,-5.155753250300763,-5.67748327352901,10.41018216222665,16.01566486496408,170.05
1,18,-4.6161810081513766,-5.58944603286718,9.98041947888814,15.354491505981755,167.75
1,19,-4.6161810081513766,-5.435566169036512,9.98041947888814,15.354491505981755,167.75
1,20,-4.6161810081513766,-5.23892173674412,9.98041947888814,15.354491505981755,167.75
1,21,-4.398400770287652,-4.964273091555464,10.069948883506887,15.492229051549064,171.20000000000005
1,22,-3.312622094874178,-4.692856597820885,10.02634056218649,15.425139326440757,169.25
1,23,-3.27369587570323,-4.538288320072556,10.082758108516387,15.511935551563672,170.05
1,24,-2.2903889606188006,-4.359010018159901,9.998333659458236,15.382051783781902,165.8
1,25,-2.2903889606188006,-4.070453043508695,9.998333659458236,15.382051783781902,165.8
1,26,-2.2903889606188006,-3.502617921949821,9.998333659458236,15.382051783781902,165.8
1,27,-1.9789671879848747,-3.113618279949874,11.500457591535067,17.693011679284723,175.70000000000002
1,28,-0.9849688329222144,-2.9017398545189907,11.34630529528348,17.455854300436126,177.85
1,29,-0.9849688329222144,-2.766593474767692,11.34630529528348,17.455854300436126,177.85
1,30,-0.9789963821556402,-2.273426205463176,11.332066981002479,17.433949201542276,178.6
1,31,0.18568653446124617,-1.3957451678989157,10.39984898009656,15.99976766168702,172.15
1,32,0.18568653446124617,-0.9111178308558273,10.39984898009656,15.99976766168702,172.15
1,33,0.18568653446124617,-0.713061055471234,10.39984898009656,15.99976766168702,172.15
1,34,0.25288687515668395,-0.22079767030386752,10.35810585898471,15.935547475361094,169.55
1,35,0.25288687515668395,0.18117816930318056,10.35810585898471,15.935547475361094,169.55
1,36,0.2828868751566833,0.21016374155147313,10.35810585898471,15.935547475361094,168.05
1,37,0.33220259077466063,0.24665329521661344,10.290737957793576,15.83190455045166,162.2
1,38,0.3346613824379616,0.2684854784199501,10.34279414443728,15.911990991441973,165.65
1,39,0.3346613824379616,0.28469295443046433,10.34279414443728,15.911990991441973,165.65
1,40,0.3927760301499841,0.2921863201317874,10.65292214443728,16.38911099144197,168.0
1,41,0.4382408079079194,0.3150471853439567,10.320203459541581,15.877236091602438,161.35000000000002
1,42,0.5180384816118628,0.3513370456270655,10.630331459541582,16.354356091602437,163.7
1,43,0.5180384816118628,0.38562945370092466,10.630331459541582,16.354356091602437,163.7
1,44,0.5527776882108977,0.4416241670447769,10.912045651443822,16.787762540682802,166.65
1,45,0.5878521812226356,0.510514359660875,10.588625801887453,16.290193541365316,163.7
1,46,0.5878521812226356,0.5262804305595644,10.588625801887453,16.290193541365316,163.7
1,47,0.6709551376910958,0.5478137110206318,10.578921352742118,16.275263619603262,159.7
1,48,0.7790109596422354,0.5823619856336247,10.38809704912779,15.98168776788891,161.3
1,49,1.0716255188829666,0.6058194203542091,10.260579010396246,15.785506169840383,157.45000000000002
1,50,1.0716255188829666,0.6524432706067949,10.260579010396246,15.785506169840383,157.45000000000002
1,51,1.867823186642673,0.7369860079927435,10.863603652868262,16.713236389028097,161.15
1,52,2.0086975521885675,0.9137570940742725,10.626530596677682,16.34850861027336,161.0
1,53,2.322383104335258,1.2146833689897505,10.530434596677683,16.200668610273357,157.75
1,54,2.938236322630315,1.7408225701488176,10.181849257205375,15.664383472623653,158.8
1,55,2.9870116399861626,2.258375699315094,10.412983365844452,16.019974408991466,157.75
1,56,3.010217851892582,2.6761394001429335,10.482642368092701,16.127142104758,159.1
1,57,3.010217851892582,2.9509403262251457,10.482642368092701,16.127142104758,159.1
1,58,3.010217851892582,2.978261550246744,10.482642368092701,16.127142104758,159.1
1,59,3.045043954438018,2.9959138850441356,10.336258888879398,15.901936752122154,154.04999999999998
2,0,-24.361105483363808,-35.620307578524965,18.16844807601183,27.95145857847974,218.85000000000002
2,1,-23.373526528338516,-29.65194654846296,13.736256689398,21.132702599073845,239.6
2,2,-17.305757113486074,-26.320707155566748,18.21307798855855,28.02011998239777,216.0
2,3,-14.246862965582196,-23.830610229210137,17.085298887744646,26.28507521191484,204.75000000000003
2,4,-10.641456340975473,-21.52767376535381,17.06784451551135,26.258222331555924,201.15
2,5,-9.317242464202192,-18.192554204449237,11.555339835255795,17.77744590039353,166.2
2,6,-7.782030422842825,-15.083559035773437,11.586068716930182,17.82472110296951,162.24999999999997
2,7,-7.782030422842825,-11.95063893184149,11.586068716930182,17.82472110296951,162.24999999999997
2,8,-7.175174959124236,-10.371969901641505,17.38451689922184,26.745410614187445,206.70000000000002
2,9,-7.025109298234949,-9.244198414589775,16.394617422708592,25.22248834262861,201.05
2,10,-5.908148713519472,-8.264731006960297,17.325361896098606,26.65440291707478,201.15
2,11,-5.908148713519472,-7.502475317235862,17.325361896098606,26.65440291707478,201.15
2,12,-5.908148713519472,-6.946926721227534,17.325361896098606,26.65440291707478,201.15
2,13,-5.490446423673777,-6.536398441731714,17.09159797777299,26.294766119650756,197.3
2,14,-5.4378468346718325,-5.855367844493953,17.055610527466154,26.239400811486394,202.25
2,15,-5.378657464878328,-5.734607338067414,17.054717695626152,26.238027224040234,197.9
2,16,-5.213958902861647,-5.511630851749914,17.28486517343391,26.5921002668214,202.8
2,17,-4.878911761483776,-5.372287816903289,17.250662157962754,26.53948024301962,201.5
2,18,-4.8098263774036685,-5.257865907986054,16.65972545507684,25.630346853964365,193.55
2,19,-4.586602571789756,-5.097676657044024,17.077422851814728,26.272958233561116,200.8
2,20,-4.391144589013766,-4.901414909863011,16.91527874553449,26.023505762360756,196.25
2,21,-4.2662029690357866,-4.7403884907444525,16.878398463387654,25.966766866750238,196.85000000000002
2,22,-4.111929390996201,-4.545765826671128,16.782074264648344,25.818575791766687,196.85000000000002
2,23,-4.021078260175507,-4.354462178265249,17.056434158032374,26.24066793543442,199.20000000000002
2,24,-3.3221253551585246,-4.207406666334644,16.10893632808414,24.78297896628329,193.10000000000002
2,25,-3.3221253551585246,-4.073862542129845,16.10893632808414,24.78297896628329,193.10000000000002
2,26,-3.16951752747884,-3.896309948210436,16.245667684689167,24.993334899521795,192.40000000000003
2,27,-3.090891361560648,-3.6010065009040364,16.462083701364733,25.32628261748421,196.90000000000003
2,28,-2.9779712949486994,-3.331400702299346,16.41836882517168,25.259028961802585,194.8
2,29,-2.7013614057982123,-3.190878347986573,16.786344148995816,25.825144844608946,198.45
2,30,-2.7013614057982123,-3.075952321569305,16.786344148995816,25.825144844608946,198.45
2,31,-2.5721185282402237,-2.9759893720649297,16.747901901779148,25.76600292581407,193.65000000000003
2,32,-2.562201651499759,-2.8416146846453656,16.75225357822766,25.772697812657935,193.95
2,33,-2.5444565192834547,-2.6910347903023437,16.741066664170067,25.755487175646252,192.15000000000003
2,34,-2.037555750994298,-2.5738166657676698,16.430647753418345,25.27791962064361,194.4
2,35,-2.0150623076688756,-2.5379782454476576,16.43499942986686,25.284614507487472,194.7
2,36,-1.7517041188469387,-2.4602233905262207,16.757941959118053,25.781449167873923,191.0
2,37,-1.2936303668501674,-2.22109961933469,16.48114702370642,25.35561080570218,192.1
2,38,-1.283011507962601,-1.958454040121822,16.4844336291017,25.360667121694924,191.8
2,39,-1.06812716035635,-1.727919552732955,16.594101624244317,25.529387114222022,190.8
2,40,-0.3418125363040856,-1.4392776095950595,16.332145677998728,25.126377966151885,191.3
2,41,-0.33103698599800513,-1.2089851393005393,16.33543228339401,25.131434282144625,191.0
2,42,-0.32945191843613486,-0.9995688131938657,16.310032272071755,25.092357341648857,189.75
2,43,-0.3210449267039941,-0.5937434403028137,16.303567973021707,25.082412266187244,189.75
2,44,-0.3194519184361351,-0.3476513428347549,16.310032272071755,25.092357341648857,189.25
2,45,-0.0935814929924943,-0.3287756212937487,16.669456272071756,25.64531734164886,191.45
2,46,0.06786198883390071,-0.3062747801841564,16.715312778493793,25.715865813067374,193.0
2,47,0.06786198883390071,-0.250743831224054,16.715312778493793,25.715865813067374,193.0
2,48,0.07786198883390227,-0.1069718946608137,16.715312778493793,25.715865813067374,192.5
2,49,0.15413809859325767,-0.007858301111874662,16.745284776243277,25.761976578835807,191.55
2,50,0.16248507456601047,0.07895282789280249,16.719884764921023,25.72289963834004,189.5
2,51,0.16248507456601047,0.10252890275251718,16.719884764921023,25.72289963834004,189.5
2,52,0.4773839191811007,0.15287823799338496,16.96928085357858,26.10658592858243,193.09999999999997
2,53,0.5036662388943789,0.1947864039559579,16.94388084225633,26.06750898808666,190.55
2,54,0.5036662388943789,0.2746125373908957,16.94388084225633,26.06750898808666,190.55
2,55,0.6970413298743239,0.44680712134423006,17.041112246707865,26.217095764165947,187.39999999999998
2,56,0.6970413298743239,0.513258216065079,17.041112246707865,26.217095764165947,187.39999999999998
2,57,0.764541833012963,0.5633462577025395,16.95495990927121,26.08455370657109,186.7
2,58,0.7705418330129632,0.633200171539976,16.95495990927121,26.08455370657109,186.39999999999998
2,59,0.888656933930509,0.7108274558933461,17.10409318256905,26.31398951164469,183.84999999999997
3,0,-22.40975626543336,-37.22854016607652,10.48077042091635,16.12426218602515,154.75
3,1,-22.40975626543336,-31.529335823275616,10.48077042091635,16.12426218602515,154.75
3,2,-13.732429798667095,-26.316084768746453,9.04332402091635,13.91280618602515,147.15
3,3,-13.732429798667095,-22.211946039958804,9.04332402091635,13.91280618602515,147.15
3,4,-12.498006941261513,-18.31099409086565,8.272932122450474,12.727587880693036,151.04999999999998
3,5,-9.204507839995452,-15.050774368482921,8.932589062848482,13.742444712074589,161.65
3,6,-6.516446488243849,-13.204535734058505,9.124704139500412,14.038006368462176,137.4
3,7,-6.4909658682095195,-11.398359794084461,9.112945395752849,14.019915993465926,135.05
3,8,-6.480965868209518,-8.544169727498897,9.112945395752849,14.019915993465926,134.55
3,9,-1.2589592234629516,-7.0135409380443265,8.995411339500412,13.839094368462174,137.4
3,10,-1.2589592234629516,-6.427168645745791,8.995411339500412,13.839094368462174,137.4
3,11,-1.2589592234629516,-6.380253700253738,8.995411339500412,13.839094368462174,137.4
3,12,-0.38653081352794016,-5.984713458027787,9.220892246841398,14.18598807206369,144.64999999999998
3,13,-0.33720269326346886,-4.467863689400678,9.209133503093835,14.167897697067438,141.04999999999998
3,14,-0.33720269326346886,-1.5657278115587672,9.209133503093835,14.167897697067438,141.04999999999998
3,15,-0.33720269326346886,-0.7559742729772496,9.209133503093835,14.167897697067438,141.04999999999998
3,16,0.26469780236312923,-0.3937824757577413,8.818456333188411,13.566855897212942,141.04999999999998
3,17,0.2896978023631296,-0.253842953987933,8.818456333188411,13.566855897212942,139.8
3,18,3.744652238318081,0.018011326960071173,8.81599577299943,13.563070419999125,140.3
3,19,3.754652238318081,0.46622015343156753,8.81599577299943,13.563070419999125,139.8
3,20,4.755701017588589,1.1311214605317297,8.379109544976309,12.890937761502013,139.2
3,21,4.755701017588589,2.5509507852288182,8.379109544976309,12.890937761502013,139.2
3,22,4.893974329187744,3.77655000028838,8.31467392152055,12.79180603310854,137.2
3,23,4.893974329187744,3.8348156260986497,8.31467392152055,12.79180603310854,137.2
3,24,5.444577413801949,4.023433344241708,9.538821045475997,14.675109300732306,145.74999999999997
3,25,6.540521315185244,4.522371851660664,8.336828182753694,12.82588951192876,140.79999999999998
3,26,6.669329058003796,5.173948878855487,8.353180818206123,12.851047412624808,136.25
3,27,7.100561604204889,5.790065284459902,8.500944018206123,13.078375412624808,136.45000000000002
3,28,7.100561604204889,6.617554997103275,8.500944018206123,13.078375412624808,136.45000000000002
3,29,7.153979401960926,6.777688411381676,8.48637241096984,13.055957555338221,138.65
3,30,7.190086079815257,6.994160803264988,8.47455434643688,13.037775917595201,136.75000000000003
3,31,7.215086079815258,7.115768507457461,8.47455434643688,13.037775917595201,135.5
3,32,7.33735893552494,7.147915615587594,8.301499630399888,12.771537892922908,135.15
3,33,7.36584126337235,7.190806281577599,8.54843594643688,13.151439917595201,135.7
3,34,7.597250485046474,7.236238470725159,7.880641008548178,12.12406309007412,131.65
3,35,7.6092250586655,7.308550095353167,7.977492909359292,12.27306601439891,132.15
3,36,7.613505414348201,7.398607271253748,7.881488798747526,12.125367382688506,132.5
3,37,7.639900831222207,7.47284729255246,7.788359714388047,11.982091868289306,129.4
3,38,7.6640247242463255,7.5823775716098005,7.826044371139099,12.040068263290923,129.35
3,39,7.6640247242463255,7.615265705891388,7.826044371139099,12.040068263290923,129.35
3,40,7.782158390501013,7.634581157291279,7.660483365622351,11.785359024034388,126.75
3,41,7.802589300627557,7.660369776777778,7.653101685055408,11.77400259239294,125.14999999999999
3,42,7.819270315576952,7.680986707640328,7.580173115886199,11.661804793671074,125.55
3,43,7.8386341138605955,7.72003386139129,7.5132952418034495,11.558915756620692,122.94999999999999
3,44,7.838958759811676,7.797679905314599,7.5819912796605,11.66460196870846,124.55
3,45,7.838958759811676,7.8258732723566995,7.5819912796605,11.66460196870846,124.55
3,46,7.862257651353141,7.837445323723516,7.518479178118671,11.566891043259496,121.19999999999999
3,47,7.868134873361101,7.8398671616405196,7.522739592519962,11.573445526953787,121.19999999999999
3,48,7.868134873361101,7.842229063122668,7.522739592519962,11.573445526953787,121.19999999999999
3,49,7.868134873361101,7.850215941706934,7.522739592519962,11.573445526953787,121.19999999999999
3,50,7.947415250266103,7.863583462054991,7.596621192519962,11.687109526953787,121.89999999999999
3,51,7.947415250266103,7.871807512026668,7.596621192519962,11.687109526953787,121.89999999999999
3,52,7.947415250266103,7.883537832578419,7.596621192519962,11.687109526953787,121.89999999999999
3,53,7.947415250266103,7.910354584315492,7.596621192519962,11.687109526953787,121.89999999999999
3,54,7.997866638855503,7.947281019408507,7.564038182547996,11.636981819304612,120.1
3,55,7.997866638855503,7.94938929906398,7.564038182547996,11.636981819304612,120.1
3,56,7.997866638855503,7.954695152885987,7.564038182547996,11.636981819304612,120.1
3,57,8.052088548901319,7.970349352383779,7.712677625631279,11.865657885586582,126.6
3,58,8.052088548901319,7.9932245994408175,7.712677625631279,11.865657885586582,126.6
3,59,9.691507074439743,8.022874666106377,7.67510526211065,11.807854249401004,121.5
4,0,-22.09033218568822,-35.97263808360797,12.301867319751391,18.925949722694458,238.5
4,1,-21.861163290026617,-30.521138426574502,11.958694165420873,18.39799102372442,206.5
4,2,-13.215117640680454,-25.88621577353235,11.317497551262438,17.41153469424991,198.95
4,3,-12.405437061340736,-21.770071849773093,13.022837286837607,20.035134287442474,220.5
4,4,-12.405437061340736,-19.03560371540192,13.022837286837607,20.035134287442474,220.5
4,5,-11.088341332859851,-15.418134605989076,12.845452964771027,19.762235330416967,195.45
4,6,-10.755807314773751,-12.992230205222908,10.921291777132758,16.801987349435016,202.35000000000002
4,7,-6.155199897172707,-11.903113614852566,12.858132199512855,19.781741845404405,212.25
4,8,-6.155199897172707,-11.04116987370573,12.858132199512855,19.781741845404405,212.25
4,9,-6.155199897172707,-10.145176099036888,12.858132199512855,19.781741845404405,212.25
4,10,-2.828594853501249,-8.52315754854964,12.358430330632833,19.012969739435125,218.35
4,11,-2.8085948535012495,-6.887564387577052,12.358430330632833,19.012969739435125,217.35
4,12,-2.8085948535012495,-5.93397885572871,12.358430330632833,19.012969739435125,217.35
4,13,-2.8085948535012495,-5.009180787883289,12.358430330632833,19.012969739435125,217.35
4,14,-2.804594853501248,-3.4044418674832944,12.358430330632833,19.012969739435125,217.15
4,15,-1.9902370437237114,-2.79685500733452,12.29528720231134,18.915826465094373,214.1
4,16,-1.9591525975088633,-2.759089738417775,12.298923529859943,18.921420815169146,213.1
4,17,-1.9090113344107316,-2.62997017146581,12.405526541582017,19.085425448587717,216.35
4,18,-1.8078875877451814,-2.3864059974570004,12.17702027592551,18.73387734757771,214.65
4,19,-1.688233682269363,-1.9970452141791,12.269011760486913,18.875402708441406,216.35
4,20,-1.688233682269363,-1.8635677256987038,12.269011760486913,18.875402708441406,216.35
4,21,-0.9856462509262176,-1.7818047251406255,12.24925067427124,18.84500103734037,214.35
4,22,-0.9423595472211161,-1.719970279856203,12.34285067427124,18.989001037340373,213.6
4,23,-0.759952785068581,-1.601260685354514,12.15410450680629,18.698622318163526,214.65
4,24,-0.759952785068581,-1.3686627635928965,12.15410450680629,18.698622318163526,214.65
4,25,-0.730962295809082,-0.8812617705570258,12.139952770633666,18.676850416359486,213.35
4,26,-0.7158585863025468,-0.77378349374436,12.206795684164183,18.779685667944896,213.54999999999998
4,27,-0.7158585863025468,-0.7455089562023237,12.206795684164183,18.779685667944896,213.54999999999998
4,28,-0.7158585863025468,-0.7309130410706577,12.206795684164183,18.779685667944896,213.54999999999998
4,29,-0.3966088520463913,-0.7178124120526794,12.228961661152859,18.8137871710044,219.35
4,30,-0.3966088520463913,-0.70479706700404,12.228961661152859,18.8137871710044,219.35
4,31,-0.3966088520463913,-0.6742351143006006,12.228961661152859,18.8137871710044,219.35
4,32,-0.3478225697409698,-0.5782673839748018,12.07990382507096,18.584467423186094,215.54999999999998
4,33,-0.2362098449552814,-0.4226759667484319,12.167927106802011,18.71988785661848,217.25000000000003
4,34,-0.1336486697062007,-0.3523427478972306,12.088805815902415,18.598162793696027,217.25000000000003
4,35,0.6318907078381422,-0.2570523152578803,12.542327106802011,19.29588785661848,220.80000000000004
4,36,0.6318907078381422,-0.1983238723920306,12.542327106802011,19.29588785661848,220.80000000000004
4,37,0.6318907078381422,-0.12718349311748733,12.542327106802011,19.29588785661848,220.80000000000004
4,38,0.6508242304724057,0.007160290561331149,12.525605815902415,19.270162793696027,219.80000000000004
4,39,0.7858168472022733,0.2839029123380284,12.611776157977431,19.402732550734505,217.89999999999998
4,40,1.0560023934215685,0.6517238786128978,12.416717387674959,19.102642134884558,216.95000000000002
4,41,1.0560023934215685,0.6813425874640163,12.416717387674959,19.102642134884558,216.95000000000002
4,42,1.0560023934215685,0.761575151426588,12.416717387674959,19.102642134884558,216.95000000000002
4,43,1.2285336106008522,0.8263792574317173,12.48738508253413,19.211361665437124,214.4
4,44,1.398534350142139,0.932070625292234,12.762612234633082,19.634788053281667,214.1
4,45,1.4087545130937151,1.1133332602897081,12.767552145361062,19.6423879159401,216.3
4,46,1.4223057937041972,1.2284141408210831,12.754870453035307,19.62287762005432,212.6
4,47,1.566006652487772,1.3104556984967157,12.460153651365893,19.16946715594753,218.85000000000002
4,48,1.566006652487772,1.4040885627692046,12.460153651365893,19.16946715594753,218.85000000000002
4,49,1.57600665248777,1.4571734436902792,12.460153651365893,19.16946715594753,218.35000000000002
4,50,1.6475011289728503,1.5252446983235917,13.004601251827262,20.007078848965023,223.40000000000003
4,51,1.765450897842447,1.5777500393937551,12.515561928937739,19.254710659904216,220.6
4,52,1.7754508978424468,1.603713336650541,12.515561928937739,19.254710659904216,220.1
4,53,1.8300814848311262,1.6610784451369318,13.319357462690311,20.491319173369714,221.8
4,54,1.8650520039051877,1.7182071564855885,12.415297558641962,19.100457782526096,220.1
4,55,1.926853647456067,1.7956702017806696,13.374765740262157,20.5765626773264,223.55
4,56,2.2430187685490353,1.843608233920927,14.06606824423047,21.640104991123803,224.05
4,57,2.2430187685490353,1.8937861719074356,14.06606824423047,21.640104991123803,224.05
4,58,2.4223788574906706,1.9505152667701287,14.105701553810414,21.701079313554487,221.9
4,59,2.4223788574906706,2.0092129349920786,14.105701553810414,21.701079313554487,221.9
0,0,0.0,0.0,0.0,0.0,0
0,1,0.0,0.0,0.0,0.0,0
0,2,0.0,0.0,0.0,0.0,0
0,3,0.0,0.0,0.0,0.0,0
0,4,0.0,0.0,0.0,0.0,0
0,5,0.0,0.0,0.0,0.0,0
0,6,0.0,0.0,0.0,0.0,0
0,7,0.0,0.0,0.0,0.0,0
0,8,0.0,0.0,0.0,0.0,0
0,9,0.0,0.0,0.0,0.0,0
0,10,0.0,0.0,0.0,0.0,0
0,11,0.0,0.0,0.0,0.0,0
0,12,0.0,0.0,0.0,0.0,0
0,13,0.0,0.0,0.0,0.0,0
0,14,0.0,0.0,0.0,0.0,0
0,15,0.0,0.0,0.0,0.0,0
0,16,0.0,0.0,0.0,0.0,0
0,17,0.0,0.0,0.0,0.0,0
0,18,0.0,0.0,0.0,0.0,0
0,19,0.0,0.0,0.0,0.0,0
0,20,0.0,0.0,0.0,0.0,0
0,21,0.0,0.0,0.0,0.0,0
0,22,0.0,0.0,0.0,0.0,0
0,23,0.0,0.0,0.0,0.0,0
0,24,0.0,0.0,0.0,0.0,0
0,25,0.0,0.0,0.0,0.0,0
0,26,0.0,0.0,0.0,0.0,0
0,27,0.0,0.0,0.0,0.0,0
0,28,0.0,0.0,0.0,0.0,0
0,29,0.0,0.0,0.0,0.0,0
0,30,0.0,0.0,0.0,0.0,0
0,31,0.0,0.0,0.0,0.0,0
0,32,0.0,0.0,0.0,0.0,0
0,33,0.0,0.0,0.0,0.0,0
0,34,0.0,0.0,0.0,0.0,0
0,35,0.0,0.0,0.0,0.0,0
0,36,0.0,0.0,0.0,0.0,0
0,37,0.0,0.0,0.0,0.0,0
0,38,0.0,0.0,0.0,0.0,0
0,39,0.0,0.0,0.0,0.0,0
0,40,0.0,0.0,0.0,0.0,0
0,41,0.0,0.0,0.0,0.0,0
0,42,0.0,0.0,0.0,0.0,0
0,43,0.0,0.0,0.0,0.0,0
0,44,0.0,0.0,0.0,0.0,0
0,45,0.0,0.0,0.0,0.0,0
0,46,0.0,0.0,0.0,0.0,0
0,47,0.0,0.0,0.0,0.0,0
0,48,0.0,0.0,0.0,0.0,0
0,49,0.0,0.0,0.0,0.0,0
0,50,0.0,0.0,0.0,0.0,0
0,51,0.0,0.0,0.0,0.0,0
0,52,0.0,0.0,0.0,0.0,0
0,53,0.0,0.0,0.0,0.0,0
0,54,0.0,0.0,0.0,0.0,0
0,55,0.0,0.0,0.0,0.0,0
0,56,0.0,0.0,0.0,0.0,0
0,57,0.0,0.0,0.0,0.0,0
0,58,0.0,0.0,0.0,0.0,0
0,59,0.0,0.0,0.0,0.0,0
1,0,0.0,0.0,0.0,0.0,0
1,1,0.0,0.0,0.0,0.0,0
1,2,0.0,0.0,0.0,0.0,0
1,3,0.0,0.0,0.0,0.0,0
1,4,0.0,0.0,0.0,0.0,0
1,5,0.0,0.0,0.0,0.0,0
1,6,0.0,0.0,0.0,0.0,0
1,7,0.0,0.0,0.0,0.0,0
1,8,0.0,0.0,0.0,0.0,0
1,9,0.0,0.0,0.0,0.0,0
1,10,0.0,0.0,0.0,0.0,0
1,11,0.0,0.0,0.0,0.0,0
1,12,0.0,0.0,0.0,0.0,0
1,13,0.0,0.0,0.0,0.0,0
1,14,0.0,0.0,0.0,0.0,0
1,15,0.0,0.0,0.0,0.0,0
1,16,0.0,0.0,0.0,0.0,0
1,17,0.0,0.0,0.0,0.0,0
1,18,0.0,0.0,0.0,0.0,0
1,19,0.0,0.0,0.0,0.0,0
1,20,0.0,0.0,0.0,0.0,0
1,21,0.0,0.0,0.0,0.0,0
1,22,0.0,0.0,0.0,0.0,0
1,23,0.0,0.0,0.0,0.0,0
1,24,0.0,0.0,0.0,0.0,0
1,25,0.0,0.0,0.0,0.0,0
1,26,0.0,0.0,0.0,0.0,0
1,27,0.0,0.0,0.0,0.0,0
1,28,0.0,0.0,0.0,0.0,0
1,29,0.0,0.0,0.0,0.0,0
1,30,0.0,0.0,0.0,0.0,0
1,31,0.0,0.0,0.0,0.0,0
1,32,0.0,0.0,0.0,0.0,0
1,33,0.0,0.0,0.0,0.0,0
1,34,0.0,0.0,0.0,0.0,0
1,35,0.0,0.0,0.0,0.0,0
1,36,0.0,0.0,0.0,0.0,0
1,37,0.0,0.0,0.0,0.0,0
1,38,0.0,0.0,0.0,0.0,0
1,39,0.0,0.0,0.0,0.0,0
1,40,0.0,0.0,0.0,0.0,0
1,41,0.0,0.0,0.0,0.0,0
1,42,0.0,0.0,0.0,0.0,0
1,43,0.0,0.0,0.0,0.0,0
1,44,0.0,0.0,0.0,0.0,0
1,45,0.0,0.0,0.0,0.0,0
1,46,0.0,0.0,0.0,0.0,0
1,47,0.0,0.0,0.0,0.0,0
1,48,0.0,0.0,0.0,0.0,0
1,49,0.0,0.0,0.0,0.0,0
1,50,0.0,0.0,0.0,0.0,0
1,51,0.0,0.0,0.0,0.0,0
1,52,0.0,0.0,0.0,0.0,0
1,53,0.0,0.0,0.0,0.0,0
1,54,0.0,0.0,0.0,0.0,0
1,55,0.0,0.0,0.0,0.0,0
1,56,0.0,0.0,0.0,0.0,0
1,57,0.0,0.0,0.0,0.0,0
1,58,0.0,0.0,0.0,0.0,0
1,59,0.0,0.0,0.0,0.0,0
2,0,0.0,0.0,0.0,0.0,0
2,1,0.0,0.0,0.0,0.0,0
2,2,0.0,0.0,0.0,0.0,0
2,3,0.0,0.0,0.0,0.0,0
2,4,0.0,0.0,0.0,0.0,0
2,5,0.0,0.0,0.0,0.0,0
2,6,0.0,0.0,0.0,0.0,0
2,7,0.0,0.0,0.0,0.0,0
2,8,0.0,0.0,0.0,0.0,0
2,9,0.0,0.0,0.0,0.0,0
2,10,0.0,0.0,0.0,0.0,0
2,11,0.0,0.0,0.0,0.0,0
2,12,0.0,0.0,0.0,0.0,0
2,13,0.0,0.0,0.0,0.0,0
2,14,0.0,0.0,0.0,0.0,0
2,15,0.0,0.0,0.0,0.0,0
2,16,0.0,0.0,0.0,0.0,0
2,17,0.0,0.0,0.0,0.0,0
2,18,0.0,0.0,0.0,0.0,0
2,19,0.0,0.0,0.0,0.0,0
2,20,0.0,0.0,0.0,0.0,0
2,21,0.0,0.0,0.0,0.0,0
2,22,0.0,0.0,0.0,0.0,0
2,23,0.0,0.0,0.0,0.0,0
2,24,0.0,0.0,0.0,0.0,0
2,25,0.0,0.0,0.0,0.0,0
2,26,0.0,0.0,0.0,0.0,0
2,27,0.0,0.0,0.0,0.0,0
2,28,0.0,0.0,0.0,0.0,0
2,29,0.0,0.0,0.0,0.0,0
2,30,0.0,0.0,0.0,0.0,0
2,31,0.0,0.0,0.0,0.0,0
2,32,0.0,0.0,0.0,0.0,0
2,33,0.0,0.0,0.0,0.0,0
2,34,0.0,0.0,0.0,0.0,0
2,35,0.0,0.0,0.0,0.0,0
2,36,0.0,0.0,0.0,0.0,0
2,37,0.0,0.0,0.0,0.0,0
2,38,0.0,0.0,0.0,0.0,0
2,39,0.0,0.0,0.0,0.0,0
2,40,0.0,0.0,0.0,0.0,0
2,41,0.0,0.0,0.0,0.0,0
2,42,0.0,0.0,0.0,0.0,0
2,43,0.0,0.0,0.0,0.0,0
2,44,0.0,0.0,0.0,0.0,0
2,45,0.0,0.0,0.0,0.0,0
2,46,0.0,0.0,0.0,0.0,0
2,47,0.0,0.0,0.0,0.0,0
2,48,0.0,0.0,0.0,0.0,0
2,49,0.0,0.0,0.0,0.0,0
2,50,0.0,0.0,0.0,0.0,0
2,51,0.0,0.0,0.0,0.0,0
2,52,0.0,0.0,0.0,0.0,0
2,53,0.0,0.0,0.0,0.0,0
2,54,0.0,0.0,0.0,0.0,0
2,55,0.0,0.0,0.0,0.0,0
2,56,0.0,0.0,0.0,0.0,0
2,57,0.0,0.0,0.0,0.0,0
2,58,0.0,0.0,0.0,0.0,0
2,59,0.0,0.0,0.0,0.0,0
3,0,0.0,0.0,0.0,0.0,0
3,1,0.0,0.0,0.0,0.0,0
3,2,0.0,0.0,0.0,0.0,0
3,3,0.0,0.0,0.0,0.0,0
3,4,0.0,0.0,0.0,0.0,0
3,5,0.0,0.0,0.0,0.0,0
3,6,0.0,0.0,0.0,0.0,0
3,7,0.0,0.0,0.0,0.0,0
3,8,0.0,0.0,0.0,0.0,0
3,9,0.0,0.0,0.0,0.0,0
3,10,0.0,0.0,0.0,0.0,0
3,11,0.0,0.0,0.0,0.0,0
3,12,0.0,0.0,0.0,0.0,0
3,13,0.0,0.0,0.0,0.0,0
3,14,0.0,0.0,0.0,0.0,0
3,15,0.0,0.0,0.0,0.0,0
3,16,0.0,0.0,0.0,0.0,0
3,17,0.0,0.0,0.0,0.0,0
3,18,0.0,0.0,0.0,0.0,0
3,19,0.0,0.0,0.0,0.0,0
3,20,0.0,0.0,0.0,0.0,0
3,21,0.0,0.0,0.0,0.0,0
3,22,0.0,0.0,0.0,0.0,0
3,23,0.0,0.0,0.0,0.0,0
3,24,0.0,0.0,0.0,0.0,0
3,25,0.0,0.0,0.0,0.0,0
3,26,0.0,0.0,0.0,0.0,0
3,27,0.0,0.0,0.0,0.0,0
3,28,0.0,0.0,0.0,0.0,0
3,29,0.0,0.0,0.0,0.0,0
3,30,0.0,0.0,0.0,0.0,0
3,31,0.0,0.0,0.0,0.0,0
3,32,0.0,0.0,0.0,0.0,0
3,33,0.0,0.0,0.0,0.0,0
3,34,0.0,0.0,0.0,0.0,0
3,35,0.0,0.0,0.0,0.0,0
3,36,0.0,0.0,0.0,0.0,0
3,37,0.0,0.0,0.0,0.0,0
3,38,0.0,0.0,0.0,0.0,0
3,39,0.0,0.0,0.0,0.0,0
3,40,0.0,0.0,0.0,0.0,0
3,41,0.0,0.0,0.0,0.0,0
3,42,0.0,0.0,0.0,0.0,0
3,43,0.0,0.0,0.0,0.0,0
3,44,0.0,0.0,0.0,0.0,0
3,45,0.0,0.0,0.0,0.0,0
3,46,0.0,0.0,0.0,0.0,0
3,47,0.0,0.0,0.0,0.0,0
3,48,0.0,0.0,0.0,0.0,0
3,49,0.0,0.0,0.0,0.0,0
3,50,0.0,0.0,0.0,0.0,0
3,51,0.0,0.0,0.0,0.0,0
3,52,0.0,0.0,0.0,0.0,0
3,53,0.0,0.0,0.0,0.0,0
3,54,0.0,0.0,0.0,0.0,0
3,55,0.0,0.0,0.0,0.0,0
3,56,0.0,0.0,0.0,0.0,0
3,57,0.0,0.0,0.0,0.0,0
3,58,0.0,0.0,0.0,0.0,0
3,59,0.0,0.0,0.0,0.0,0
4,0,0.0,0.0,0.0,0.0,0
4,1,0.0,0.0,0.0,0.0,0
4,2,0.0,0.0,0.0,0.0,0
4,3,0.0,0.0,0.0,0.0,0
4,4,0.0,0.0,0.0,0.0,0
4,5,0.0,0.0,0.0,0.0,0
4,6,0.0,0.0,0.0,0.0,0
4,7,0.0,0.0,0.0,0.0,0
4,8,0.0,0.0,0.0,0.0,0
4,9,0.0,0.0,0.0,0.0,0
4,10,0.0,0.0,0.0,0.0,0
4,11,0.0,0.0,0.0,0.0,0
4,12,0.0,0.0,0.0,0.0,0
4,13,0.0,0.0,0.0,0.0,0
4,14,0.0,0.0,0.0,0.0,0
4,15,0.0,0.0,0.0,0.0,0
4,16,0.0,0.0,0.0,0.0,0
4,17,0.0,0.0,0.0,0.0,0
4,18,0.0,0.0,0.0,0.0,0
4,19,0.0,0.0,0.0,0.0,0
4,20,0.0,0.0,0.0,0.0,0
4,21,0.0,0.0,0.0,0.0,0
4,22,0.0,0.0,0.0,0.0,0
4,23,0.0,0.0,0.0,0.0,0
4,24,0.0,0.0,0.0,0.0,0
4,25,0.0,0.0,0.0,0.0,0
4,26,0.0,0.0,0.0,0.0,0
4,27,0.0,0.0,0.0,0.0,0
4,28,0.0,0.0,0.0,0.0,0
4,29,0.0,0.0,0.0,0.0,0
4,30,0.0,0.0,0.0,0.0,0
4,31,0.0,0.0,0.0,0.0,0
4,32,0.0,0.0,0.0,0.0,0
4,33,0.0,0.0,0.0,0.0,0
4,34,0.0,0.0,0.0,0.0,0
4,35,0.0,0.0,0.0,0.0,0
4,36,0.0,0.0,0.0,0.0,0
4,37,0.0,0.0,0.0,0.0,0
4,38,0.0,0.0,0.0,0.0,0
4,39,0.0,0.0,0.0,0.0,0
4,40,0.0,0.0,0.0,0.0,0
4,41,0.0,0.0,0.0,0.0,0
4,42,0.0,0.0,0.0,0.0,0
4,43,0.0,0.0,0.0,0.0,0
4,44,0.0,0.0,0.0,0.0,0
4,45,0.0,0.0,0.0,0.0,0
4,46,0.0,0.0,0.0,0.0,0
4,47,0.0,0.0,0.0,0.0,0
4,48,0.0,0.0,0.0,0.0,0
4,49,0.0,0.0,0.0,0.0,0
4,50,0.0,0.0,0.0,0.0,0
4,51,0.0,0.0,0.0,0.0,0
4,52,0.0,0.0,0.0,0.0,0
4,53,0.0,0.0,0.0,0.0,0
4,54,0.0,0.0,0.0,0.0,0
4,55,0.0,0.0,0.0,0.0,0
4,56,0.0,0.0,0.0,0.0,0
4,57,0.0,0.0,0.0,0.0,0
4,58,0.0,0.0,0.0,0.0,0
4,59,0.0,0.0,0.0,0.0,0
0,0,-28.264488390981064,-40.56521975970125,21.119362523162092,32.491326958710914,261.1
0,1,-22.868651543955515,-34.281462103681726,16.7269821412572,25.73381867885723,244.39999999999998
0,2,-22.631586385526095,-29.893421926166297,17.506279715925903,26.93273802450139,236.8
0,3,-20.549505622024277,-26.735525225796124,15.545284907308487,23.915822934320754,253.64999999999998
0,4,-17.27295124028663,-23.66756917378775,14.717735459201759,22.64266993723348,205.4
0,5,-17.27295124028663,-21.615946149496867,14.717735459201759,22.64266993723348,205.4
0,6,-15.913497339847545,-19.47426065654549,14.898480456479586,22.920739163814755,234.55
0,7,-13.533624661002031,-18.221543949185918,16.351447216980354,25.156072641508235,192.95
0,8,-12.355418680576095,-17.189084155628667,14.261831674117378,21.941279498642118,185.3
0,9,-12.355418680576095,-16.143861021951967,14.261831674117378,21.941279498642118,185.3
0,10,-9.296612525801887,-14.65427245039495,15.986484958867457,24.594592244411473,187.75
0,11,-9.296612525801887,-13.231771100616536,15.986484958867457,24.594592244411473,187.75
0,12,-8.948922025605263,-11.990674625740514,17.122806031240888,26.342778509601366,217.8
0,13,-8.456280645868318,-10.531625226898136,16.177569577024748,24.888568580038076,197.9
0,14,-5.304975279431405,-9.068572659192652,16.1249675722597,24.80764241886108,197.45000000000002
0,15,-4.021279467380873,-8.47470127443705,16.394748876044105,25.222690578529395,207.2
0,16,-4.021279467380873,-7.757160153253831,16.394748876044105,25.222690578529395,207.2
0,17,-3.8403601719078004,-6.12447362894764,16.282796908145134,25.05045678176175,207.1
0,18,-3.8403601719078004,-4.696114086668048,16.282796908145134,25.05045678176175,207.1
0,19,-2.1379475463270268,-4.230848758993562,16.417885616076557,25.258285563194708,203.45
0,20,-2.117947546327027,-3.834787844349247,16.417885616076557,25.258285563194708,202.45
0,21,-2.117947546327027,-3.4089994263302956,16.417885616076557,25.258285563194708,202.45
0,22,-1.842770906736149,-2.563648894658739,17.195805616076562,26.455085563194707,203.84999999999997
0,23,-1.842770906736149,-2.120065446190816,17.195805616076562,26.455085563194707,203.84999999999997
0,24,-1.842770906736149,-2.0873414476554317,17.195805616076562,26.455085563194707,203.84999999999997
0,25,-0.5161781136863794,-2.0256456638878317,15.62999799402941,24.046150760045247,197.7
0,26,-0.41608210008745417,-1.7936238960618862,17.16198650726082,26.40305616501664,200.35000000000002
0,27,-0.34025042591824217,-1.409119537470085,16.979917994029407,26.12295076004525,202.84999999999997
0,28,1.0537905670646381,-0.6118701873565726,16.946098885213665,26.070921361867182,201.10000000000002
0,29,1.0537905670646381,-0.31144272456101946,16.946098885213665,26.070921361867182,201.10000000000002
0,30,1.1406586963553167,0.010693896624510799,17.135932759640337,26.36297347636975,202.5
0,31,1.1606586963553163,0.6398963681485675,17.135932759640337,26.36297347636975,201.5
0,32,1.1726586963553167,1.0967480803148173,17.135932759640337,26.36297347636975,200.89999999999998
0,33,1.1806586963553158,1.1526186963553153,17.135932759640337,26.36297347636975,200.5
0,34,1.2092917370734106,1.1633108450201812,17.162382571007758,26.403665493858085,203.54999999999995
0,35,1.2092917370734106,1.169765142349917,17.162382571007758,26.403665493858085,203.54999999999995
0,36,1.7479937169027622,1.1975854003120339,18.28697641706265,28.133809872404072,205.04999999999995
0,37,1.7679937169027617,1.2673854274232321,18.28697641706265,28.133809872404072,204.04999999999995
0,38,1.7966543888319997,1.435473218110649,18.291521826498403,28.140802809997545,202.54999999999995
0,39,2.2739713338109553,1.699290962095443,17.830261454781684,27.431171468894902,201.14999999999995
0,40,2.2739713338109553,1.7654289480138443,17.830261454781684,27.431171468894902,201.14999999999995
0,41,2.3069131586122023,1.8249552972077305,17.834806864217438,27.43816440648837,199.64999999999995
0,42,2.326913158612202,1.9217091908020394,17.834806864217438,27.43816440648837,198.64999999999998
0,43,2.463480333981643,2.1504477693729256,18.48454414364535,28.43776022099285,203.54999999999995
0,44,2.463480333981643,2.3027784584729143,18.48454414364535,28.43776022099285,203.54999999999995
0,45,2.622083983499257,2.3453444114478446,17.659873718781043,27.169036490432376,198.35
0,46,2.7523838227325257,2.3993917888153478,18.366852805294176,28.25669662352951,203.04999999999995
0,47,3.3452594117947143,2.503112946735426,18.347452030461874,28.226849277633647,199.3
0,48,3.3519270907940477,2.587049359620475,18.340537986519205,28.216212286952622,199.09999999999997
0,49,3.3519270907940477,2.7026309237417543,18.340537986519205,28.216212286952622,199.09999999999997
0,50,3.688953820537777,2.8482799513444332,18.302795320281728,28.158146646587277,199.75
0,51,3.688953820537777,3.0253220021292253,18.302795320281728,28.158146646587277,199.75
0,52,3.7181773197047665,3.393937639712429,18.77027141025567,28.87734063116257,202.39999999999998
0,53,3.7255990921269735,3.6733590636748623,18.218749502675454,28.028845388731465,194.45
0,54,3.8817408612702673,3.6990889293337053,18.05936829425648,27.78364352962536,201.25
0,55,3.8817408612702673,3.7176674145686173,18.05936829425648,27.78364352962536,201.25
0,56,3.979485070715393,3.7630419045630514,18.540383397566266,28.52366676548657,192.79999999999998
0,57,3.979485070715393,3.8563951202986404,18.540383397566266,28.52366676548657,192.79999999999998
0,58,4.016903779300912,3.9172164206956395,18.570263479645064,28.56963612253087,198.14999999999998
0,59,4.084963178356169,3.9565174506767353,18.482476702422183,28.43457954218798,194.54999999999998
1,0,-21.644502971718147,-38.22498448814907,17.08069522554274,26.277992654681146,248.0
1,1,-21.39913304856971,-32.13057745693161,16.325816097326534,25.116640149733133,223.60000000000002
1,2,-21.0686466580878,-27.578626914043472,19.24182556933616,29.602808568209493,236.2
1,3,-16.988863510738135,-24.439526819931533,16.555339630086678,25.46975327705643,218.95
1,4,-14.016412517750572,-22.03128298285234,16.063509729353928,24.713091891313734,224.95
1,5,-14.016412517750572,-19.60722998667251,16.063509729353928,24.713091891313734,224.95
1,6,-12.034759669259813,-16.547379982467,16.444088750741795,25.298598078064305,193.89999999999998
1,7,-12.034759669259813,-14.478029472580015,16.444088750741795,25.298598078064305,193.89999999999998
1,8,-7.518880988247926,-13.388225526886538,15.652082487506098,24.080126903855536,213.05
1,9,-7.478880988247927,-12.430505865814835,15.652082487506098,24.080126903855536,211.05
1,10,-6.146706222734676,-11.181917839587477,15.621637937231325,24.03328913420204,211.35000000000002
1,11,-5.528574075208099,-9.27002003474804,16.996326977251137,26.148195349617133,207.4
1,12,-5.225718895760349,-7.253457326988512,15.777555305668775,24.273162008721187,212.05
1,13,-4.864554326715809,-6.360380086160186,16.9299360214243,26.046055417575847,226.15
1,14,-3.6494257144484274,-5.467712601780037,16.89949147114953,25.999217647922354,226.45000000000002
1,15,-3.3666754170093656,-4.777419566145711,16.043505135827317,24.682315593580487,225.95000000000002
1,16,-3.2681011830142177,-4.249819600773724,16.548566175114313,25.459332577098944,222.85
1,17,-2.839388738212741,-3.511256673295823,15.594366175114311,23.99133257709894,218.1
1,18,-0.7283892125344082,-3.2996958182720597,16.072994656502548,24.727684086926995,220.70000000000002
1,19,-0.7283892125344082,-3.0831164723380393,16.072994656502548,24.727684086926995,220.70000000000002
1,20,-0.7283892125344082,-2.6686430832073453,16.072994656502548,24.727684086926995,220.70000000000002
1,21,-0.41174247463282265,-1.906752305754473,16.380190505743503,25.20029308575923,220.75
1,22,-0.41174247463282265,-0.7225925125808295,16.380190505743503,25.20029308575923,220.75
1,23,-0.41174247463282265,-0.7106461667359817,16.380190505743503,25.20029308575923,220.75
1,24,-0.35694775078896024,-0.6558223139058517,15.998114656502546,24.612484086926997,221.20000000000002
1,25,-0.3122857952981719,-0.5276305320411431,15.973114904605898,24.574022930162926,217.4
1,26,0.5009141981046397,-0.35604120683856266,16.370739703293587,25.18575338968245,219.1
1,27,0.5009141981046397,-0.3163067486364514,16.370739703293587,25.18575338968245,219.1
1,28,0.5062908340830865,-0.2275259334013363,15.95060107173103,24.53938626420159,217.79999999999998
1,29,1.1556951937909807,-0.03958521179296504,15.937946762187702,24.51991809567339,211.99999999999997
1,30,1.506209806805852,0.23955186427760963,15.559802762187703,23.93815809567339,210.49999999999997
1,31,1.7569593433490343,0.6748501225039816,15.896412548521925,24.456019305418344,212.65
1,32,1.8125040126849163,1.2210640743901486,15.89008539375026,24.446285221154245,210.79999999999998
1,33,1.9761837461443352,1.5543631726295484,15.087076740017034,23.210887292333897,211.65
1,34,2.005914000652486,1.7154061047600395,15.082072527249005,23.20318850346001,210.49999999999997
1,35,2.005914000652486,1.837991180694268,15.082072527249005,23.20318850346001,210.49999999999997
1,36,2.03438113138922,1.9127153765996951,15.075745372477341,23.19345441919591,210.1
1,37,2.03438113138922,2.003326018385126,15.075745372477341,23.19345441919591,210.1
1,38,2.072144977468102,2.01670215336969,15.008615558595496,23.09017778245461,213.85
1,39,2.072144977468102,2.0329259572958294,15.008615558595496,23.09017778245461,213.85
1,40,2.1511270231608064,2.041829492503885,14.981038614711677,23.047751714941047,211.15
1,41,2.1761270231608068,2.061487585216577,14.981038614711677,23.047751714941047,209.9
1,42,2.1761270231608068,2.1026409167011817,14.981038614711677,23.047751714941047,209.9
1,43,2.2414676247102028,2.14337681134991,14.868506603815009,22.874625544330783,208.9
1,44,2.647893156467158,2.176204747680642,14.371512436150008,22.11001913253848,207.15
1,45,2.7315185099049684,2.232141038090534,14.273903059593826,21.95985086091358,208.45000000000002
1,46,2.780299635305542,2.328497605799402,14.252653270481675,21.927158877664116,205.9
1,47,2.780299635305542,2.5598237303343434,14.252653270481675,21.927158877664116,205.9
1,48,2.80232593171647,2.722413074397778,14.248903307697178,21.921389704149504,204.9
1,49,2.8207466131068566,2.768218237291582,14.378556641030512,22.120856370816174,204.9
1,50,2.8793062682120185,2.794656979357687,14.2318580223131,21.895166188174,201.95000000000002
1,51,2.896840205834194,2.8162483070346753,14.361511355646433,22.09463285484067,202.24999999999997
1,52,3.0086645427981997,2.8463628836264343,13.86176989957002,21.325799845492334,201.15
1,53,3.0336645427982,2.8849816015076994,13.86176989957002,21.325799845492334,199.9
1,54,3.0471260144312824,2.9212231470287424,14.080914518928976,21.662945413736885,204.85000000000002
1,55,3.0936784620782882,2.9861063941718275,14.060119270760401,21.630952724246768,203.15
1,56,3.2202403353078255,3.0469101953014097,14.217831575686885,21.87358703951828,202.75
1,57,3.2202403353078255,3.079540593529913,14.217831575686885,21.87358703951828,202.75
1,58,3.2412403353078245,3.121303338841595,14.217831575686885,21.87358703951828,201.70000000000002
1,59,3.2512622058433225,3.172199096734506,14.210801403718367,21.862771390335947,201.05
2,0,-22.642659687134426,-40.12676879154081,20.809786993805698,32.01505691354723,293.95
2,1,-20.688238201264138,-34.20470662344458,16.508447941862528,25.39761221825005,199.7
2,2,-16.473612312750525,-28.68650607531943,14.608924528335626,22.47526850513173,211.10000000000002
2,3,-9.262956768838134,-23.696921018920033,13.406415913323324,20.625255251266655,201.15000000000003
2,4,-9.262956768838134,-18.47806205456331,13.406415913323324,20.625255251266655,201.15000000000003
2,5,-6.4979649771875785,-13.48988896250735,14.18419229352289,21.821834297727527,198.40000000000003
2,6,-6.4979649771875785,-10.296441325339327,14.18419229352289,21.821834297727527,198.40000000000003
2,7,-6.4979649771875785,-8.899969578417961,14.18419229352289,21.821834297727527,198.40000000000003
2,8,-6.445182093797408,-8.119070125034522,14.151130029313617,21.770969275867103,196.90000000000003
2,9,-6.17962623273152,-6.658910414200685,14.305266273621037,22.00810195941698,200.3
2,10,-6.17962623273152,-6.476563293983955,14.305266273621037,22.00810195941698,200.3
2,11,-4.990118972648821,-6.394350022402478,14.184192293522894,21.821834297727527,198.75
2,12,-4.497396216882045,-6.188199448988206,14.357016150611507,22.08771715478694,200.3
2,13,-4.3698906628441225,-5.8449941146081255,14.40390255851593,22.15985009002451,201.10000000000002
2,14,-4.3698906628441225,-5.237092991430626,14.40390255851593,22.15985009002451,201.10000000000002
2,15,-4.330571190057635,-4.560504361571148,15.573797114522257,23.959687868495788,203.7
2,16,-4.307162016496422,-4.421367240966842,14.247541210333551,21.919294169743925,199.65000000000003
2,17,-3.1884821113801447,-4.339754435625025,13.760173130830859,21.169497124355168,203.25
2,18,-3.1355338994587925,-4.244684365946561,13.713286722926435,21.097364189117595,200.39999999999998
2,19,-3.0233375784432877,-3.97367428636761,13.78853253197462,21.21312697226865,201.0
2,20,-3.0173375784432874,-3.417904376379263,13.78853253197462,21.21312697226865,200.7
2,21,-2.9983375784432855,-3.0932907250384325,13.78853253197462,21.21312697226865,199.75
2,22,-2.973337578443287,-3.0184430591758735,13.78853253197462,21.21312697226865,198.5
2,23,-2.973337578443287,-3.0093804803976205,13.78853253197462,21.21312697226865,198.5
2,24,-2.9673375784432867,-2.994107561932795,13.78853253197462,21.21312697226865,198.2
2,25,-2.884418588949041,-2.981667688984237,13.932735670148388,21.434977954074444,202.25
2,26,-2.253776111010476,-2.9608896022027396,13.645615026273244,20.993253886574227,196.10000000000002
2,27,-2.253776111010476,-2.9421614369639495,13.645615026273244,20.993253886574227,196.10000000000002
2,28,-1.7243014667018617,-2.8712846244458303,13.205092531974621,20.315526972268646,193.65
2,29,-1.5823928038060178,-2.709091608229754,13.037835534110428,20.05820851401604,195.4
2,30,-0.7097308208404436,-2.3773210784413212,13.03921167592328,20.060325655266585,196.65
2,31,-0.22943107310492872,-1.9239782136948014,12.98852672742355,19.98234881142084,193.1
2,32,-0.22943107310492872,-1.410463422356756,12.98852672742355,19.98234881142084,193.1
2,33,-0.2044310731049266,-0.7787940110908532,12.98852672742355,19.98234881142084,191.85
2,34,-0.10664828128672932,-0.6086570681564021,13.048656339271185,20.074855906571052,189.85
2,35,-0.0666482812867284,-0.40704895657252593,13.048656339271185,20.074855906571052,187.85
2,36,-0.0666482812867284,-0.21666293947628812,13.048656339271185,20.074855906571052,187.85
2,37,-0.0666482812867284,-0.18084315312209573,13.048656339271185,20.074855906571052,187.85
2,38,0.6862161471336523,-0.11467934242440689,12.687455434666951,19.519162207179924,182.9
2,39,0.6862161471336523,-0.04507637515284548,12.687455434666951,19.519162207179924,182.9
2,40,0.6862161471336523,-0.004619561149333151,12.687455434666951,19.519162207179924,182.9
2,41,0.6862161471336523,0.13747233636003975,12.687455434666951,19.519162207179924,182.9
2,42,0.7831991550250677,0.38896597665146304,12.625221834666952,19.423418207179928,182.65
2,43,0.8260619560097893,0.6637196382187547,12.578765126601812,19.351946348618174,180.9
2,44,0.8510619560097896,0.7231996601325151,12.578765126601812,19.351946348618174,179.65
2,45,0.9204374240481328,0.7718038798354204,12.413388392899492,19.09752060446076,181.9
2,46,0.9204374240481328,0.8241152803659181,12.413388392899492,19.09752060446076,181.9
2,47,1.0748247410471676,0.8703668576274955,12.36094752660181,19.016842348618177,178.65
2,48,1.3610944243265481,0.9301440944474093,11.921324431051286,18.34049912469429,178.15
2,49,1.369171385943154,1.0141084767240798,11.948649926601812,18.382538348618173,178.6
2,50,1.4488699093706017,1.1277332665114654,11.967780842128153,18.411970526351006,178.54999999999998
2,51,1.8912041661497994,1.2373950691870963,11.11578617481317,17.101209499712574,175.45
2,52,2.0305929374968286,1.4168090360196401,11.297445298327604,17.38068507435016,176.45
2,53,2.108166243851524,1.4965337892782327,11.312374409161178,17.403652937171046,176.59999999999997
2,54,2.108166243851524,1.7281276079502876,11.312374409161178,17.403652937171046,176.59999999999997
2,55,2.1203827444068906,2.0202915474912384,11.31123775303619,17.4019042354403,176.7
2,56,2.5437316724192818,2.0874361439116162,10.810101298327604,16.630925074350166,174.75
2,57,2.6407603825896255,2.1274385780475673,10.825030409161178,16.653892937171044,174.14999999999998
2,58,2.6467603825896258,2.181717077644904,10.825030409161178,16.653892937171044,173.84999999999997
2,59,2.6467603825896258,2.3185510998460415,10.825030409161178,16.653892937171044,173.84999999999997
3,0,-21.467144964822744,-37.545626912707554,22.545937534692683,34.68605774568105,285.6
3,1,-19.889944395928794,-30.761569267895,22.63325414178193,34.82039098735681,258.7
3,2,-18.60106253243135,-26.335863677797644,22.333767516917316,34.359642333718945,259.05
3,3,-18.527174755325824,-22.617617113877376,22.43075015859786,34.50884639784285,259.05
3,4,-15.24380623112363,-20.21245144936967,22.30836553550679,34.32056236231815,252.55
3,5,-15.157155826174876,-18.670968141516777,22.118460174650654,34.028400268693325,238.64999999999998
3,6,-12.293242032016547,-16.978605315114745,16.65846609898451,25.628409383053093,227.95
3,7,-12.207319591021411,-14.968491129317854,21.936085401703437,33.74782369492837,225.75
3,8,-10.211072027213154,-13.930817746586017,20.588661401703437,31.674863694928362,221.70000000000002
3,9,-10.211072027213154,-12.653481554352659,20.588661401703437,31.674863694928362,221.70000000000002
3,10,-10.058753303142487,-11.896647100332101,20.8799505303784,32.12300081596677,231.20000000000002
3,11,-9.933920877076416,-10.885127849031198,19.95060165834991,30.69323332053833,228.8
3,12,-9.101748367887032,-10.365255389249162,19.890611508493752,30.600940782298082,221.8
3,13,-8.716967100141476,-10.06975391073167,19.964750530378403,30.71500081596677,228.4
3,14,-8.458751546186063,-9.646140701848683,18.980883930969984,29.201359893799978,217.6
3,15,-8.443751546186062,-8.983460304246004,18.980883930969984,29.201359893799978,216.85
3,16,-7.963258406866392,-8.738952248551474,18.999614675282793,29.230176423511978,221.75
3,17,-7.963258406866392,-8.544986158591092,18.999614675282793,29.230176423511978,221.75
3,18,-7.535257312657127,-8.216929144524801,18.78719499027265,28.903376908111763,221.7
3,19,-7.529732009835571,-7.989563176804455,18.792035851321724,28.910824386648805,222.0
3,20,-7.339200207960187,-7.881110732587765,18.572734024477334,28.573436960734362,221.75
3,21,-7.13322365021286,-7.6747944502503795,18.574885744531407,28.576747299279084,220.25
3,22,-6.924355436181284,-7.469755742373046,18.631548118920723,28.663920182954957,219.4
3,23,-6.924355436181284,-7.297340147172019,18.631548118920723,28.663920182954957,219.4
3,24,-6.573537581153244,-7.034619917049047,18.200988118920723,28.001520182954955,216.85000000000002
3,25,-5.433191518931186,-6.851142025546547,16.937752170222176,26.05808026188027,213.10000000000002
3,26,-4.784993617234165,-6.710912826276435,15.936484101834276,24.517667848975805,212.55
3,27,-4.784993617234165,-6.327247262936152,15.936484101834276,24.517667848975805,212.55
3,28,-4.747887630955671,-5.7653446519711595,15.837418213808789,24.365258790475057,209.3
3,29,-4.558574615298629,-5.1579820409532315,16.04635259413034,24.68669629866206,212.0
3,30,-4.558574615298629,-4.7801944149774425,16.04635259413034,24.68669629866206,212.0
3,31,-4.558574615298629,-4.736713052256843,16.04635259413034,24.68669629866206,212.0
3,32,-4.126011083151622,-4.634826756947842,15.150302235800408,23.308157285846786,207.24999999999997
3,33,-4.126011083151622,-4.537692296066256,15.150302235800408,23.308157285846786,207.24999999999997
3,34,-4.046026975593038,-4.427442204177809,15.134835857469671,23.28436285764565,203.85
3,35,-4.046026975593038,-4.180275514550424,15.134835857469671,23.28436285764565,203.85
3,36,-3.9938743660935687,-4.109331143724172,15.233657523140481,23.436396189446896,207.35
3,37,-3.959384503984901,-4.070879264155907,15.247429176168836,23.457583347952056,207.25
3,38,-3.6869624737410875,-4.0230472625156475,15.936305187001688,24.51739259538721,229.04999999999998
3,39,-3.6869624737410875,-3.9783927112551987,15.936305187001688,24.51739259538721,229.04999999999998
3,40,-3.645235110344598,-3.9381589697594284,15.076586901847529,23.19474907976543,204.2
3,41,-3.56152579213368,-3.8851255080369556,15.889270940139639,24.44503221559944,220.85
3,42,-3.1559003009001385,-3.806788956027225,15.81022662557462,24.323425577807104,217.3
3,43,-2.5095134776977455,-3.670975156584433,15.91522060675936,24.48495477962979,228.70000000000002
3,44,-2.5095134776977455,-3.442458293877928,15.91522060675936,24.48495477962979,228.70000000000002
3,45,-2.3059276330513088,-3.0878527067573383,15.518183172739542,23.874127958060836,224.20000000000002
3,46,-1.8772870489592688,-2.54094508578482,15.161844606759361,23.32591477962979,225.50000000000003
3,47,-1.8058542365173154,-2.417417218800903,14.899655959301423,22.9225476296945,224.20000000000005
3,48,-1.8058542365173154,-2.2470391699459795,14.899655959301423,22.9225476296945,224.20000000000005
3,49,-1.6615989350602487,-2.0837265961248352,15.126387279620154,23.271365045569468,223.00000000000006
3,50,-0.7272418436827028,-1.880261666232126,15.193641814196223,23.374833560301884,226.75000000000003
3,51,-0.6746621245024749,-1.7536888085931457,14.931453166738285,22.971466410366595,225.20000000000005
3,52,-0.16383991280370336,-1.5971923070523704,14.764681884723322,22.714895207266647,223.30000000000004
3,53,-0.1538399128037018,-1.1464429120035111,14.764681884723322,22.714895207266647,222.80000000000004
3,54,-0.13337432540074556,-0.5663734461917889,14.747432055914635,22.688357009099438,220.6
3,55,-0.03403380422558233,-0.3646107351639244,14.994140450703505,23.067908385697695,222.10000000000002
3,56,0.02379229430658003,-0.1412160285647807,14.97993934040713,23.046060523703275,217.85000000000002
3,57,0.03978090548101565,-0.10139128949517943,14.940003340407129,22.984620523703274,216.85000000000002
3,58,0.03978090548101565,-0.03256680277967721,14.940003340407129,22.984620523703274,216.85000000000002
3,59,0.07561145085999033,0.0018152118077577751,14.94788748535062,22.996749977462493,215.2
4,0,-17.99470162008266,-37.77630361095782,13.889172702080414,21.367958003200638,218.05
4,1,-17.99470162008266,-31.2440469848221,13.889172702080414,21.367958003200638,218.05
4,2,-17.931032316553008,-26.627385638383497,12.629953198424852,19.430697228345927,220.84999999999997
4,3,-15.475457129931653,-22.594278038160205,13.837872914670598,21.28903525333938,203.70000000000002
4,4,-14.663396402366727,-19.505345579584603,14.258715669537576,21.936485645442424,224.1
4,5,-12.322040631708767,-17.019485268668312,13.756827708767574,21.164350321180883,194.75
4,6,-9.833648191822295,-15.28882499520216,13.803272670065947,21.235804107793772,204.8
4,7,-9.833648191822295,-13.936117374141991,13.803272670065947,21.235804107793772,204.8
4,8,-8.691273596910172,-12.386123781022444,13.434427449496164,20.66834992230179,213.25
4,9,-8.293604417637432,-11.208201797041308,15.089639562972422,23.214830096880657,220.8
4,10,-7.496902446698147,-9.738908080303748,13.674502225101731,21.037695730925744,216.54999999999998
4,11,-7.496902446698147,-9.116264551630897,13.674502225101731,21.037695730925744,216.54999999999998
4,12,-7.07631051289481,-8.343301034110581,14.438792481771621,22.213526895033265,218.85000000000002
4,13,-6.657965190073959,-7.8437218824545525,12.499094435458364,19.229376054551327,220.34999999999997
4,14,-6.657965190073959,-7.4045778824404,12.499094435458364,19.229376054551327,220.34999999999997
4,15,-4.612694002787851,-7.161281282863094,14.834971373295776,22.823032881993505,218.20000000000002
4,16,-4.227615665754895,-6.8095578333724145,14.304889657880349,22.007522550585154,207.60000000000002
4,17,-2.440982880038815,-6.2776778618655875,16.37308831313131,25.18936663558664,229.7
4,18,-2.440982880038815,-5.479928848932812,16.37308831313131,25.18936663558664,229.7
4,19,-2.440982880038815,-4.305350087002441,16.37308831313131,25.18936663558664,229.7
4,20,-0.8874659158599916,-3.4265267462396984,14.65401941618091,22.544645255662942,208.4
4,21,0.29047754368393575,-2.34812235670527,14.605673204518084,22.470266468489363,205.0
4,22,0.397844084925731,-1.2694308882214838,14.547956248714076,22.381471151867814,205.5
4,23,0.7409903812000063,-0.36025908161102405,13.454393204518084,20.69906646848936,201.39999999999998
4,24,0.7489903812000054,0.34638873184283653,13.454393204518084,20.69906646848936,201.0
4,25,0.9482503001966172,0.4801424922087193,13.211226638018116,20.32496405848941,200.39999999999998
4,26,0.9482503001966172,0.6962183588153585,13.211226638018116,20.32496405848941,200.39999999999998
4,27,0.9642503001966172,0.871792982415576,13.211226638018116,20.32496405848941,199.60000000000002
4,28,1.1019530023032185,0.9461515978501157,13.278919363961085,20.42910671378629,199.25
4,29,1.112792933194187,0.9654430935379716,13.382441202087115,20.58837108013402,197.60000000000002
4,30,1.4753483807621364,1.0038960816446394,12.418295269232575,19.105069644973188,196.35
4,31,1.4753483807621364,1.076309436706326,12.418295269232575,19.105069644973188,196.35
4,32,1.4774438347779344,1.1572941662152507,12.427076735151468,19.118579592540723,196.35
4,33,1.5466273535394737,1.260091451552445,12.293239478305956,18.9126761204707,194.0
4,34,1.5729921870160672,1.4069048928060548,12.393503848601732,19.066928997848816,194.0
4,35,2.57781817903818,1.4987906140697749,13.714382143741743,21.09904945191038,200.25
4,36,2.658773461584571,1.5676317375245878,13.689590723110902,21.060908804786003,196.64999999999998
4,37,2.664734860825353,1.7550301641156387,12.700356018587186,19.539009259364903,193.6
4,38,2.882801553426004,2.125885548150472,12.610643624656241,19.40099019177884,194.75
4,39,3.3662156140034587,2.6545181947708034,12.894394048086,19.83752930474769,196.05
4,40,3.4155590306531702,2.708662361406904,12.87480473427247,19.807391898880713,193.0
4,41,3.8564029878856796,2.8667311556293567,12.635011997345671,19.438479995916417,185.84999999999997
4,42,3.8564029878856796,3.2149009961595727,12.635011997345671,19.438479995916417,185.84999999999997
4,43,3.956301734580593,3.4882970312522925,12.820635125668652,19.724054039490234,186.0
4,44,3.992997082840739,3.63664453087013,12.808658706966806,19.705628779948935,183.7
4,45,3.992997082840739,3.859369121194143,12.808658706966806,19.705628779948935,183.7
4,46,4.030036553109838,3.9336046647646192,12.79621829691504,19.686489687561597,181.34999999999997
4,47,4.030036553109838,3.9876602137396264,12.79621829691504,19.686489687561597,181.34999999999997
4,48,4.069027891721081,4.010574418377874,12.876429793151658,19.809891989464088,182.1
4,49,4.084027891721082,4.036894152720253,12.876429793151658,19.809891989464088,181.34999999999997
4,50,4.131278350062173,4.057308354211101,12.865474441834053,19.79303760282162,178.55
4,51,5.548113096608979,4.097558293347852,12.888552623361726,19.828542497479575,181.9
4,52,5.548113096608979,4.122281216724108,12.888552623361726,19.828542497479575,181.9
4,53,5.56311309660898,4.211690125236174,12.888552623361726,19.828542497479575,181.14999999999998
4,54,5.59028727020659,4.449062501560847,12.87759727204412,19.811688110837107,179.1
4,55,5.605287270206591,5.099966439259994,12.87759727204412,19.811688110837107,178.34999999999997
4,56,5.6252872702065915,5.580590428355995,12.87759727204412,19.811688110837107,177.34999999999997
4,57,5.641417765202977,5.605769718768641,13.136861206300352,20.21055570200054,179.45
4,58,7.096972528819665,5.635333819162963,12.799091053207068,19.690909312626257,174.14999999999998
4,59,7.096972528819665,5.646826132860883,12.799091053207068,19.690909312626257,174.14999999999998
0,0,-20.61626798644696,-28.547890687033767,11.483200473426894,17.66646226681061,267.65000000000003
0,1,-20.61626798644696,-24.98456197971437,11.483200473426894,17.66646226681061,267.65000000000003
0,2,-18.23827669628749,-22.771714803062142,12.13545196177492,18.669926095038342,308.25
0,3,-18.23827669628749,-21.185366228644497,12.13545196177492,18.669926095038342,308.25
0,4,-17.710039997905554,-20.225999373971568,10.507120268376964,16.164800412887633,273.9
0,5,-16.468096635732376,-18.844352863462635,10.506899128687284,16.164460197980436,266.9
0,6,-16.463767678378634,-17.794188126445523,13.03718739696535,20.057211379946693,298.1
0,7,-16.14991711599951,-17.2244168086485,10.587433648465025,16.28835945917696,267.20000000000005
0,8,-16.14991711599951,-16.86405167318515,10.587433648465025,16.28835945917696,267.20000000000005
0,9,-16.14991711599951,-16.50717584152452,10.587433648465025,16.28835945917696,267.20000000000005
0,10,-15.866808564045156,-16.39651934096694,12.58158846609578,19.356289947839663,299.24999999999994
0,11,-15.866808564045156,-16.26037302708711,12.58158846609578,19.356289947839663,299.24999999999994
0,12,-15.866808564045156,-16.126475107526467,12.58158846609578,19.356289947839663,299.24999999999994
0,13,-15.866808564045156,-16.08067247022387,12.58158846609578,19.356289947839663,299.24999999999994
0,14,-15.159077039094045,-15.979057962680324,13.661201246762039,21.017232687326217,295.34999999999997
0,15,-13.858020158226159,-15.82891918317892,13.003824784854729,20.005884284391893,293.19999999999993
0,16,-13.858020158226159,-15.684829524974218,13.003824784854729,20.005884284391893,293.19999999999993
0,17,-13.836599364421945,-15.267979031487602,12.996986074848268,19.99536319207426,292.44999999999993
0,18,-13.836599364421945,-14.318378150031538,12.996986074848268,19.99536319207426,292.44999999999993
0,19,-13.471596396712886,-13.846474479022381,13.02465791143527,20.037935248361954,293.49999999999994
0,20,-13.471596396712886,-13.826913772533965,13.02465791143527,20.037935248361954,293.49999999999994
0,21,-13.454136605045825,-13.792161110926695,13.021910069920986,20.033707799878442,292.74999999999994
0,22,-13.399510652970225,-13.715567218989925,12.889023694768154,19.82926722272024,291.54999999999995
0,23,-9.180566931725513,-13.446117872347575,12.98965823807823,19.984089597043425,308.40000000000003
0,24,-9.180566931725513,-13.33899803578775,12.98965823807823,19.984089597043425,308.40000000000003
0,25,-9.180566931725513,-13.28439751516823,12.98965823807823,19.984089597043425,308.40000000000003
0,26,-9.180566931725513,-13.192908483225683,12.98965823807823,19.984089597043425,308.40000000000003
0,27,-9.008566931725513,-13.003443209372517,12.98965823807823,19.984089597043425,299.8
0,28,-9.008566931725513,-12.775704618553641,12.98965823807823,19.984089597043425,299.8
0,29,-9.008566931725513,-12.560251998913275,12.98965823807823,19.984089597043425,299.8
0,30,-9.008566931725513,-12.549542310269704,12.98965823807823,19.984089597043425,299.8
0,31,-9.008566931725513,-12.434305522872126,12.98965823807823,19.984089597043425,299.8
0,32,-9.008566931725513,-12.166762014994836,12.98965823807823,19.984089597043425,299.8
0,33,-9.008566931725513,-11.784595288713087,12.98965823807823,19.984089597043425,299.8
0,34,-9.008566931725513,-11.472311952444063,12.98965823807823,19.984089597043425,299.8
0,35,-7.51324057384663,-11.109468251866563,13.033104006179274,20.050929240275806,303.45
0,36,-7.51324057384663,-10.519827495141627,13.033104006179274,20.050929240275806,303.45
0,37,-7.51324057384663,-9.741935572300232,13.033104006179274,20.050929240275806,303.45
0,38,-7.51324057384663,-9.14047503033543,13.033104006179274,20.050929240275806,303.45
0,39,-7.51324057384663,-8.93983113368645,13.033104006179274,20.050929240275806,303.45
0,40,-7.51324057384663,-8.895683451068024,13.033104006179274,20.050929240275806,303.45
0,41,-7.51324057384663,-8.892258701778967,13.033104006179274,20.050929240275806,303.45
0,42,-7.51324057384663,-8.842244416732699,13.033104006179274,20.050929240275806,303.45
0,43,-7.51324057384663,-8.784843745517982,13.033104006179274,20.050929240275806,303.45
0,44,-7.51324057384663,-8.751236897655726,13.033104006179274,20.050929240275806,303.45
0,45,-7.51324057384663,-8.690433189301599,13.033104006179274,20.050929240275806,303.45
0,46,-7.51324057384663,-8.51373061392258,13.033104006179274,20.050929240275806,303.45
0,47,-7.51324057384663,-8.306162119514306,13.033104006179274,20.050929240275806,303.45
0,48,-7.51324057384663,-8.21770454807856,13.033104006179274,20.050929240275806,303.45
0,49,-6.9949867441379325,-7.8787631130554905,13.175940520868016,20.27067772441233,298.7
0,50,-6.9949867441379325,-7.745738248409674,13.175940520868016,20.27067772441233,298.7
0,51,-6.9949867441379325,-7.653749845885106,13.175940520868016,20.27067772441233,298.7
0,52,-6.9949867441379325,-7.499494019540903,13.175940520868016,20.27067772441233,298.7
0,53,-6.9949867441379325,-7.487586319485943,13.175940520868016,20.27067772441233,298.7
0,54,-6.9949867441379325,-7.4824037811888555,13.175940520868016,20.27067772441233,298.7
0,55,-6.9949867441379325,-7.472588704594682,13.175940520868016,20.27067772441233,298.7
0,56,-6.9949867441379325,-7.444197399647835,13.175940520868016,20.27067772441233,298.7
0,57,-6.9949867441379325,-7.413360606990065,13.175940520868016,20.27067772441233,298.7
0,58,-6.9949867441379325,-7.366059625891893,13.175940520868016,20.27067772441233,298.7
0,59,-6.9949867441379325,-7.312780618785711,13.175940520868016,20.27067772441233,298.7
1,0,-21.20481995598935,-28.292177774288117,13.591945899196809,20.910685998764325,297.7
1,1,-19.06295561800066,-24.83417043581825,12.269571810407088,18.87626432370321,262.55
1,2,-15.980333433972365,-22.707497038747416,11.241653488188092,17.294851520289374,293.0
1,3,-14.257272653659074,-20.933191833898615,13.247734924067288,20.381130652411212,302.6
1,4,-14.257272653659074,-19.412897652450518,13.247734924067288,20.381130652411212,302.6
1,5,-14.05681623283258,-18.330405943713373,13.681243995138797,21.048067684828915,296.45
1,6,-14.05681623283258,-17.613659050971457,13.681243995138797,21.048067684828915,296.45
1,7,-9.867708403110184,-16.71024458977234,13.00314553009733,20.004839277072822,293.15
1,8,-9.867708403110184,-16.21882205968212,13.00314553009733,20.004839277072822,293.15
1,9,-9.867708403110184,-15.689193322151182,13.00314553009733,20.004839277072822,293.15
1,10,-9.867708403110184,-14.974506229627092,13.00314553009733,20.004839277072822,293.15
1,11,-9.867708403110184,-14.687366147167298,13.00314553009733,20.004839277072822,293.15
1,12,-9.867708403110184,-14.036346313804247,13.00314553009733,20.004839277072822,293.15
1,13,-9.867708403110184,-13.623688433236811,13.00314553009733,20.004839277072822,293.15
1,14,-9.867708403110184,-13.285958790625735,13.00314553009733,20.004839277072822,293.15
1,15,-9.867708403110184,-12.900665134322564,13.00314553009733,20.004839277072822,293.15
1,16,-9.867708403110184,-12.280228427346296,13.00314553009733,20.004839277072822,293.15
1,17,-9.867708403110184,-11.679168286932693,13.00314553009733,20.004839277072822,293.15
1,18,-9.867708403110184,-10.789950909257165,13.00314553009733,20.004839277072822,293.15
1,19,-9.867708403110184,-10.26946130851155,13.00314553009733,20.004839277072822,293.15
1,20,-9.867708403110184,-9.867708403110191,13.00314553009733,20.004839277072822,293.15
1,21,-9.867708403110184,-9.867708403110191,13.00314553009733,20.004839277072822,293.15
1,22,-9.867708403110184,-9.867708403110191,13.00314553009733,20.004839277072822,293.15
1,23,-9.867708403110184,-9.867708403110191,13.00314553009733,20.004839277072822,293.15
1,24,-9.867708403110184,-9.867708403110191,13.00314553009733,20.004839277072822,293.15
1,25,-9.867708403110184,-9.867708403110191,13.00314553009733,20.004839277072822,293.15
1,26,-9.867708403110184,-9.867708403110191,13.00314553009733,20.004839277072822,293.15
1,27,-9.867708403110184,-9.867708403110191,13.00314553009733,20.004839277072822,293.15
1,28,-9.867708403110184,-9.867708403110191,13.00314553009733,20.004839277072822,293.15
1,29,-9.867708403110184,-9.867708403110191,13.00314553009733,20.004839277072822,293.15
1,30,-9.867708403110184,-9.867708403110191,13.00314553009733,20.004839277072822,293.15
1,31,-9.867708403110184,-9.867708403110191,13.00314553009733,20.004839277072822,293.15
1,32,-9.867708403110184,-9.867708403110191,13.00314553009733,20.004839277072822,293.15
1,33,-9.867708403110184,-9.867708403110191,13.00314553009733,20.004839277072822,293.15
1,34,-9.867708403110184,-9.867708403110191,13.00314553009733,20.004839277072822,293.15
1,35,-9.867708403110184,-9.867708403110191,13.00314553009733,20.004839277072822,293.15
1,36,-9.867708403110184,-9.867708403110191,13.00314553009733,20.004839277072822,293.15
1,37,-9.867708403110184,-9.867708403110191,13.00314553009733,20.004839277072822,293.15
1,38,-9.867708403110184,-9.867708403110191,13.00314553009733,20.004839277072822,293.15
1,39,-9.867708403110184,-9.867708403110191,13.00314553009733,20.004839277072822,293.15
1,40,-9.867708403110184,-9.867708403110191,13.00314553009733,20.004839277072822,293.15
1,41,-9.867708403110184,-9.867708403110191,13.00314553009733,20.004839277072822,293.15
1,42,-9.867708403110184,-9.867708403110191,13.00314553009733,20.004839277072822,293.15
1,43,-9.867708403110184,-9.867708403110191,13.00314553009733,20.004839277072822,293.15
1,44,-9.867708403110184,-9.867708403110191,13.00314553009733,20.004839277072822,293.15
1,45,-9.867708403110184,-9.867708403110191,13.00314553009733,20.004839277072822,293.15
1,46,-9.867708403110184,-9.867708403110191,13.00314553009733,20.004839277072822,293.15
1,47,-9.867708403110184,-9.867708403110191,13.00314553009733,20.004839277072822,293.15
1,48,-9.867708403110184,-9.867708403110191,13.00314553009733,20.004839277072822,293.15
1,49,-9.867708403110184,-9.867708403110191,13.00314553009733,20.004839277072822,293.15
1,50,-9.867708403110184,-9.867708403110191,13.00314553009733,20.004839277072822,293.15
1,51,-9.867708403110184,-9.867708403110191,13.00314553009733,20.004839277072822,293.15
1,52,-9.867708403110184,-9.867708403110191,13.00314553009733,20.004839277072822,293.15
1,53,-9.867708403110184,-9.867708403110191,13.00314553009733,20.004839277072822,293.15
1,54,-9.867708403110184,-9.867708403110191,13.00314553009733,20.004839277072822,293.15
1,55,-9.867708403110184,-9.867708403110191,13.00314553009733,20.004839277072822,293.15
1,56,-9.867708403110184,-9.867708403110191,13.00314553009733,20.004839277072822,293.15
1,57,-9.867708403110184,-9.867708403110191,13.00314553009733,20.004839277072822,293.15
1,58,-9.867708403110184,-9.867708403110191,13.00314553009733,20.004839277072822,293.15
1,59,-9.867708403110184,-9.867708403110191,13.00314553009733,20.004839277072822,293.15
2,0,-20.931908765192382,-27.805375125471645,11.677502416344026,17.965388332836966,296.04999999999995
2,1,-20.148357339303924,-23.99958108435024,11.635966032471606,17.90148620380247,289.15
2,2,-19.958038573069736,-22.32929492459147,13.434120791486825,20.667878140748964,294.6
2,3,-18.798681120013168,-21.140570323240027,11.733689521131593,18.05183003251015,276.45
2,4,-17.79670109754598,-20.210390238705344,13.190532845491328,20.293127454602047,277.95000000000005
2,5,-17.79670109754598,-19.628956175366106,13.190532845491328,20.293127454602047,277.95000000000005
2,6,-17.24312897968381,-18.953117779872777,13.29351382617658,20.451559732579355,282.35
2,7,-17.168000499722446,-18.065510034751465,13.242951267118569,20.373771180182423,297.8
2,8,-16.80442599635278,-17.54975072996753,12.859038180891798,19.78313566291046,275.95000000000005
2,9,-16.697028047453628,-17.20955297519994,13.53121684215247,20.81725668023457,292.85
2,10,-12.96046914426244,-17.103178122110332,13.474635898964884,20.730209075330595,294.0
2,11,-12.96046914426244,-16.895769540351292,13.474635898964884,20.730209075330595,294.0
2,12,-12.96046914426244,-16.62153742814788,13.474635898964884,20.730209075330595,294.0
2,13,-12.96046914426244,-16.495936057045494,13.474635898964884,20.730209075330595,294.0
2,14,-12.96046914426244,-16.31621815021927,13.474635898964884,20.730209075330595,294.0
2,15,-12.893967272292633,-15.970512796458095,13.22858489112851,20.35166906327463,290.05
2,16,-12.269877613201965,-15.341285125334576,13.366826561818874,20.564348556644426,282.55
2,17,-12.269877613201965,-14.776250452758585,13.366826561818874,20.564348556644426,282.55
2,18,-11.598797086166693,-14.422119371031679,13.6730886383587,21.035520982090308,285.65000000000003
2,19,-11.598797086166693,-14.156533326926283,13.6730886383587,21.035520982090308,285.65000000000003
2,20,-11.598797086166693,-13.941851810364916,13.6730886383587,21.035520982090308,285.65000000000003
2,21,-11.598797086166693,-13.671019653765624,13.6730886383587,21.035520982090308,285.65000000000003
2,22,-11.598797086166693,-13.42990629557596,13.6730886383587,21.035520982090308,285.65000000000003
2,23,-11.598797086166693,-13.124526399935869,13.6730886383587,21.035520982090308,285.65000000000003
2,24,-10.399972266365575,-12.83523050131209,13.016474164199611,20.0253448679994,278.90000000000003
2,25,-10.399972266365575,-12.554431423579622,13.016474164199611,20.0253448679994,278.90000000000003
2,26,-10.399972266365575,-12.32516015229751,13.016474164199611,20.0253448679994,278.90000000000003
2,27,-10.399972266365575,-12.159300035939543,13.016474164199611,20.0253448679994,278.90000000000003
2,28,-10.399972266365575,-11.952634881375277,13.016474164199611,20.0253448679994,278.90000000000003
2,29,-10.399972266365575,-11.767684311053177,13.016474164199611,20.0253448679994,278.90000000000003
2,30,-10.399972266365575,-11.689583654223082,13.016474164199611,20.0253448679994,278.90000000000003
2,31,-10.399972266365575,-11.597254123975553,13.016474164199611,20.0253448679994,278.90000000000003
2,32,-10.399972266365575,-11.518431049583453,13.016474164199611,20.0253448679994,278.90000000000003
2,33,-10.374972266365576,-11.412156641884225,13.016474164199611,20.0253448679994,277.65000000000003
2,34,-10.374972266365576,-11.260727948056324,13.016474164199611,20.0253448679994,277.65000000000003
2,35,-10.374972266365576,-11.090095357810325,13.016474164199611,20.0253448679994,277.65000000000003
2,36,-10.374972266365576,-10.975660282526226,13.016474164199611,20.0253448679994,277.65000000000003
2,37,-10.374972266365576,-10.81888200073845,13.016474164199611,20.0253448679994,277.65000000000003
2,38,-10.35522958664348,-10.5368020024486,13.187201488905556,20.28800229062393,286.55
2,39,-10.35522958664348,-10.39892483956836,13.187201488905556,20.28800229062393,286.55
2,40,-10.35522958664348,-10.397577412771136,13.187201488905556,20.28800229062393,286.55
2,41,-10.35522958664348,-10.396182559176694,13.187201488905556,20.28800229062393,286.55
2,42,-10.35522958664348,-10.394985132379473,13.187201488905556,20.28800229062393,286.55
2,43,-10.066542821656805,-10.389703411135162,13.277278570240798,20.42658241575507,282.15000000000003
2,44,-10.066542821656805,-10.383974263093634,13.277278570240798,20.42658241575507,282.15000000000003
2,45,-10.066542821656805,-10.382329409499196,13.277278570240798,20.42658241575507,282.15000000000003
2,46,-10.066542821656805,-10.379487129107533,13.277278570240798,20.42658241575507,282.15000000000003
2,47,-10.066542821656805,-10.374947421918653,13.277278570240798,20.42658241575507,282.15000000000003
2,48,-10.055835860897028,-10.354099356315311,13.358991351166337,20.552294386409752,287.20000000000005
2,49,-10.055835860897028,-10.344127215549982,13.358991351166337,20.552294386409752,287.20000000000005
2,50,-9.855222138684733,-10.318821683572782,13.380223806052504,20.584959701619233,281.65000000000003
2,51,-9.855222138684733,-10.292134394232885,13.380223806052504,20.584959701619233,281.65000000000003
2,52,-9.855222138684733,-10.245549758400866,13.380223806052504,20.584959701619233,281.65000000000003
2,53,-9.855222138684733,-10.21386008771484,13.380223806052504,20.584959701619233,281.65000000000003
2,54,-9.855222138684733,-10.151138347616316,13.380223806052504,20.584959701619233,281.65000000000003
2,55,-9.855222138684733,-10.112870228181585,13.380223806052504,20.584959701619233,281.65000000000003
2,56,-9.855222138684733,-10.081019971873314,13.380223806052504,20.584959701619233,281.65000000000003
2,57,-9.855222138684733,-10.013783594137239,13.380223806052504,20.584959701619233,281.65000000000003
2,58,-9.855222138684733,-9.96245291266192,13.380223806052504,20.584959701619233,281.65000000000003
2,59,-9.855222138684733,-9.932147740608519,13.380223806052504,20.584959701619233,281.65000000000003
3,0,-16.023827041008754,-28.307552663584453,12.824040303152081,19.729292774080125,310.75
3,1,-15.99263205609304,-24.398228051339274,12.262687690858296,18.865673370551225,278.9
3,2,-15.99263205609304,-21.924516206348017,12.262687690858296,18.865673370551225,278.9
3,3,-14.322557903110871,-20.298962125351462,12.273777513291856,18.882734635833625,291.0
3,4,-12.754034848844878,-19.122477786314935,13.280427302531606,20.431426619279396,292.45000000000005
3,5,-12.116256441139956,-17.824965912057632,13.800385401260424,21.231362155785273,309.5
3,6,-12.116256441139956,-16.81379721028198,13.800385401260424,21.231362155785273,309.5
3,7,-12.116256441139956,-16.147364287983734,13.800385401260424,21.231362155785273,309.5
3,8,-12.116256441139956,-15.512696744303444,13.800385401260424,21.231362155785273,309.5
3,9,-12.116256441139956,-15.025482156383125,13.800385401260424,21.231362155785273,309.5
3,10,-12.08836059666978,-14.481915291081158,13.483516528062848,20.74387158163515,312.25
3,11,-12.08836059666978,-13.996769384518764,13.483516528062848,20.74387158163515,312.25
3,12,-12.08836059666978,-13.709233251329108,13.483516528062848,20.74387158163515,312.25
3,13,-12.08836059666978,-13.391050169928855,13.483516528062848,20.74387158163515,312.25
3,14,-10.746919397312741,-12.9947761292029,14.132383786753175,21.742128902697196,308.75
3,15,-10.746919397312741,-12.7106623115663,14.132383786753175,21.742128902697196,308.75
3,16,-10.746919397312741,-12.474638226581023,14.132383786753175,21.742128902697196,308.75
3,17,-10.746919397312741,-12.186641508613157,14.132383786753175,21.742128902697196,308.75
3,18,-10.746919397312741,-12.050927924900689,14.132383786753175,21.742128902697196,308.75
3,19,-10.746919397312741,-11.76949045500897,14.132383786753175,21.742128902697196,308.75
3,20,-10.746919397312741,-11.647870813607526,14.132383786753175,21.742128902697196,308.75
3,21,-10.746919397312741,-11.447704483260624,14.132383786753175,21.742128902697196,308.75
3,22,-10.746919397312741,-11.256194040270193,14.132383786753175,21.742128902697196,308.75
3,23,-10.746919397312741,-11.075499006033292,14.132383786753175,21.742128902697196,308.75
3,24,-10.50036047823411,-10.882943640770582,14.170988250182566,21.801520384896257,303.0
3,25,-10.50036047823411,-10.766231430896173,14.170988250182566,21.801520384896257,303.0
3,26,-10.50036047823411,-10.743722629740361,14.170988250182566,21.801520384896257,303.0
3,27,-10.50036047823411,-10.743722629740361,14.170988250182566,21.801520384896257,303.0
3,28,-10.50036047823411,-10.74294145135879,14.170988250182566,21.801520384896257,303.0
3,29,-10.50036047823411,-10.7423974747266,14.170988250182566,21.801520384896257,303.0
3,30,-10.50036047823411,-10.730429939372844,14.170988250182566,21.801520384896257,303.0
3,31,-10.50036047823411,-10.718974517717486,14.170988250182566,21.801520384896257,303.0
3,32,-10.50036047823411,-10.705297179590204,14.170988250182566,21.801520384896257,303.0
3,33,-10.50036047823411,-10.685566228396382,14.170988250182566,21.801520384896257,303.0
3,34,-10.50036047823411,-10.663345217550239,14.170988250182566,21.801520384896257,303.0
3,35,-10.50036047823411,-10.653417575509632,14.170988250182566,21.801520384896257,303.0
3,36,-10.50036047823411,-10.623765219942733,14.170988250182566,21.801520384896257,303.0
3,37,-10.50036047823411,-10.58628553979238,14.170988250182566,21.801520384896257,303.0
3,38,-10.50036047823411,-10.574827159542263,14.170988250182566,21.801520384896257,303.0
3,39,-10.50036047823411,-10.53149012413207,14.170988250182566,21.801520384896257,303.0
3,40,-10.50036047823411,-10.50631788970861,14.170988250182566,21.801520384896257,303.0
3,41,-10.50036047823411,-10.500360478234121,14.170988250182566,21.801520384896257,303.0
3,42,-10.50036047823411,-10.500360478234121,14.170988250182566,21.801520384896257,303.0
3,43,-10.50036047823411,-10.500360478234121,14.170988250182566,21.801520384896257,303.0
3,44,-10.50036047823411,-10.500360478234121,14.170988250182566,21.801520384896257,303.0
3,45,-10.50036047823411,-10.500360478234121,14.170988250182566,21.801520384896257,303.0
3,46,-10.50036047823411,-10.500360478234121,14.170988250182566,21.801520384896257,303.0
3,47,-10.418580609353914,-10.499542679545318,14.129026114259476,21.736963252706886,303.95
3,48,-10.418580609353914,-10.499542679545318,14.129026114259476,21.736963252706886,303.95
3,49,-10.418580609353914,-10.499542679545318,14.129026114259476,21.736963252706886,303.95
3,50,-10.418580609353914,-10.499542679545318,14.129026114259476,21.736963252706886,303.95
3,51,-8.497110513914693,-10.478692381213323,14.19487011647879,21.838261717659673,306.8
3,52,-8.497110513914693,-10.478692381213323,14.19487011647879,21.838261717659673,306.8
3,53,-8.497110513914693,-10.446036013832524,14.19487011647879,21.838261717659673,306.8
3,54,-8.497110513914693,-10.425185715500529,14.19487011647879,21.838261717659673,306.8
3,55,-8.497110513914693,-10.38430291752534,14.19487011647879,21.838261717659673,306.8
3,56,-8.497110513914693,-10.313255732943508,14.19487011647879,21.838261717659673,306.8
3,57,-8.497110513914693,-10.26907142018433,14.19487011647879,21.838261717659673,306.8
3,58,-8.497110513914693,-10.15383165816435,14.19487011647879,21.838261717659673,306.8
3,59,-8.497110513914693,-10.018722065266683,14.19487011647879,21.838261717659673,306.8
4,0,-19.08474571146293,-27.34816469873572,12.719993611146649,19.569220940225616,305.85
4,1,-18.71187860448685,-24.34489969957257,12.502842858635523,19.235142859439264,307.8
4,2,-15.122075479061117,-21.39809365021223,14.081344932856217,21.663607589009565,283.5
4,3,-15.122075479061117,-19.67375943917283,14.081344932856217,21.663607589009565,283.5
4,4,-15.050698560522719,-18.585975939397294,12.290695753430404,18.90876269758524,290.7
4,5,-14.177260658551312,-17.98937911897227,14.504701970047753,22.31492610776577,298.25
4,6,-14.177260658551312,-17.373398968661064,14.504701970047753,22.31492610776577,298.25
4,7,-14.177260658551312,-16.748206693312813,14.504701970047753,22.31492610776577,298.25
4,8,-14.177260658551312,-16.056202556384402,14.504701970047753,22.31492610776577,298.25
4,9,-14.177260658551312,-15.741483041403335,14.504701970047753,22.31492610776577,298.25
4,10,-13.550689263319526,-15.29770761677317,14.248376658515507,21.920579474639244,284.29999999999995
4,11,-13.550689263319526,-14.986905725803469,14.248376658515507,21.920579474639244,284.29999999999995
4,12,-13.550689263319526,-14.664878151270466,14.248376658515507,21.920579474639244,284.29999999999995
4,13,-13.550689263319526,-14.47701561787576,14.248376658515507,21.920579474639244,284.29999999999995
4,14,-12.42308670226289,-14.272042048842673,14.378627323225954,22.120965112655313,286.79999999999995
4,15,-12.42308670226289,-14.085275986948902,14.378627323225954,22.120965112655313,286.79999999999995
4,16,-12.42308670226289,-13.96517300185109,14.378627323225954,22.120965112655313,286.79999999999995
4,17,-12.42308670226289,-13.90372915549945,14.378627323225954,22.120965112655313,286.79999999999995
4,18,-12.42308670226289,-13.810855989559784,14.378627323225954,22.120965112655313,286.79999999999995
4,19,-12.42308670226289,-13.62484307812587,14.378627323225954,22.120965112655313,286.79999999999995
4,20,-12.42308670226289,-13.502157936454392,14.378627323225954,22.120965112655313,286.79999999999995
4,21,-12.311653313196494,-13.399033814215759,14.70004363555526,22.615451747008095,289.55
4,22,-12.311653313196494,-13.355824701381524,14.70004363555526,22.615451747008095,289.55
4,23,-12.311653313196494,-13.25302854249297,14.70004363555526,22.615451747008095,289.55
4,24,-11.443753662757373,-13.16498019641373,13.868198939841347,21.335690676679,288.75
4,25,-11.443753662757373,-13.047549117962287,13.868198939841347,21.335690676679,288.75
4,26,-11.443753662757373,-12.843377001381311,13.868198939841347,21.335690676679,288.75
4,27,-11.443753662757373,-12.633343471262888,13.868198939841347,21.335690676679,288.75
4,28,-11.443753662757373,-12.460726463296648,13.868198939841347,21.335690676679,288.75
4,29,-11.443753662757373,-12.323481631052955,13.868198939841347,21.335690676679,288.75
4,30,-11.443753662757373,-12.173265559577624,13.868198939841347,21.335690676679,288.75
4,31,-11.443753662757373,-12.088785552349844,13.868198939841347,21.335690676679,288.75
4,32,-11.443753662757373,-11.967438227532323,13.868198939841347,21.335690676679,288.75
4,33,-11.443753662757373,-11.872486650773148,13.868198939841347,21.335690676679,288.75
4,34,-11.443753662757373,-11.765668969390042,13.868198939841347,21.335690676679,288.75
4,35,-10.700255949066538,-11.669727668020341,14.015655156507327,21.562546394626658,285.34999999999997
4,36,-10.700255949066538,-11.54445864260051,14.015655156507327,21.562546394626658,285.34999999999997
4,37,-10.700255949066538,-11.463307812383128,14.015655156507327,21.562546394626658,285.34999999999997
4,38,-10.700255949066538,-11.389701750405933,14.015655156507327,21.562546394626658,285.34999999999997
4,39,-10.700255949066538,-11.357954769465223,14.015655156507327,21.562546394626658,285.34999999999997
4,40,-10.700255949066538,-11.318772811387605,14.015655156507327,21.562546394626658,285.34999999999997
4,41,-10.700255949066538,-11.257285921899259,14.015655156507327,21.562546394626658,285.34999999999997
4,42,-10.700255949066538,-11.14918209719639,14.015655156507327,21.562546394626658,285.34999999999997
4,43,-10.700255949066538,-11.080260230571149,14.015655156507327,21.562546394626658,285.34999999999997
4,44,-10.700255949066538,-10.990341846625627,14.015655156507327,21.562546394626658,285.34999999999997
4,45,-10.700255949066538,-10.861896310254947,14.015655156507327,21.562546394626658,285.34999999999997
4,46,-10.690255949066536,-10.732679524879376,14.015655156507327,21.562546394626658,284.84999999999997
4,47,-10.690255949066536,-10.700155949066552,14.015655156507327,21.562546394626658,284.84999999999997
4,48,-10.690255949066536,-10.700055949066552,14.015655156507327,21.562546394626658,284.84999999999997
4,49,-10.690255949066536,-10.700055949066552,14.015655156507327,21.562546394626658,284.84999999999997
4,50,-10.690255949066536,-10.699955949066553,14.015655156507327,21.562546394626658,284.84999999999997
4,51,-10.690255949066536,-10.699655949066553,14.015655156507327,21.562546394626658,284.84999999999997
4,52,-10.690255949066536,-10.699455949066554,14.015655156507327,21.562546394626658,284.84999999999997
4,53,-10.690255949066536,-10.698755949066554,14.015655156507327,21.562546394626658,284.84999999999997
4,54,-10.690255949066536,-10.698355949066555,14.015655156507327,21.562546394626658,284.84999999999997
4,55,-9.960525296079107,-10.690158642536678,13.748735326393323,21.151900502143572,295.09999999999997
4,56,-9.960525296079107,-10.689458642536675,13.748735326393323,21.151900502143572,295.09999999999997
4,57,-9.960525296079107,-10.68885864253667,13.748735326393323,21.151900502143572,295.09999999999997
4,58,-9.960525296079107,-10.688058642536669,13.748735326393323,21.151900502143572,295.09999999999997
4,59,-9.960525296079107,-10.671064029476922,13.748735326393323,21.151900502143572,295.09999999999997
0,0,-20.47848849190825,-27.0008390008991,11.715707554590848,18.0241654686013,309.25
0,1,-19.49263121956135,-24.32093476394904,12.143481605663474,18.68227939332842,289.15
0,2,-14.578353519301535,-22.433609797705476,11.156893746137012,17.164451917133864,285.95
0,3,-13.931276766758923,-20.460891790631546,11.665301282909631,17.946617358322506,303.59999999999997
0,4,-13.931276766758923,-18.84153895126761,11.665301282909631,17.946617358322506,303.59999999999997
0,5,-13.931276766758923,-17.73566337461884,11.665301282909631,17.946617358322506,303.59999999999997
0,6,-13.881294771471229,-16.7691297520278,11.799968492476207,18.153797680732623,310.15
0,7,-11.547646576062904,-16.18235123121375,11.384104326063957,17.51400665548301,304.59999999999997
0,8,-11.46987834874329,-15.634539143134468,11.715650522346587,18.024077726687054,293.7
0,9,-11.46987834874329,-15.110932157767383,11.715650522346587,18.024077726687054,293.7
0,10,-11.46987834874329,-14.657692114961828,11.715650522346587,18.024077726687054,293.7
0,11,-11.46987834874329,-14.251492477558747,11.715650522346587,18.024077726687054,293.7
0,12,-10.084420530309705,-13.665172337436065,11.909640289863425,18.322523522866803,299.75
0,13,-10.084420530309705,-13.358770269540607,11.909640289863425,18.322523522866803,299.75
0,14,-10.084420530309705,-13.084210199765183,11.909640289863425,18.322523522866803,299.75
0,15,-10.084420530309705,-12.788696988295772,11.909640289863425,18.322523522866803,299.75
0,16,-10.084420530309705,-12.521055700023437,11.909640289863425,18.322523522866803,299.75
0,17,-10.084420530309705,-12.112858011405306,11.909640289863425,18.322523522866803,299.75
0,18,-10.019311979398454,-11.48879139719873,11.787958175618668,18.135320270182564,301.84999999999997
0,19,-10.019311979398454,-11.193540027544438,11.787958175618668,18.135320270182564,301.84999999999997
0,20,-10.019311979398454,-11.009339106935611,11.787958175618668,18.135320270182564,301.84999999999997
0,21,-10.019311979398454,-10.759144676619613,11.787958175618668,18.135320270182564,301.84999999999997
0,22,-8.399560715206984,-10.524494132916077,12.721017395162368,19.570795992557482,296.25
0,23,-8.399560715206984,-10.349099005083914,12.721017395162368,19.570795992557482,296.25
0,24,-8.399560715206984,-10.07128407522046,12.721017395162368,19.570795992557482,296.25
0,25,-8.399560715206984,-10.007910940578011,12.721017395162368,19.570795992557482,296.25
0,26,-8.399560715206984,-10.005957684050673,12.721017395162368,19.570795992557482,296.25
0,27,-8.399560715206984,-9.999446828959547,12.721017395162368,19.570795992557482,296.25
0,28,-8.399560715206984,-9.96311820301803,12.721017395162368,19.570795992557482,296.25
0,29,-8.399560715206984,-9.925574946065696,12.721017395162368,19.570795992557482,296.25
0,30,-8.399560715206984,-9.841831184419657,12.721017395162368,19.570795992557482,296.25
0,31,-8.399560715206984,-9.76679523629231,12.721017395162368,19.570795992557482,296.25
0,32,-8.399560715206984,-9.635088663364922,12.721017395162368,19.570795992557482,296.25
0,33,-8.399560715206984,-9.431437948539504,12.721017395162368,19.570795992557482,296.25
0,34,-8.399560715206984,-9.204556933337622,12.721017395162368,19.570795992557482,296.25
0,35,-8.399560715206984,-8.865348990366734,12.721017395162368,19.570795992557482,296.25
0,36,-8.399560715206984,-8.71192068435023,12.721017395162368,19.570795992557482,296.25
0,37,-8.399560715206984,-8.599836291939418,12.721017395162368,19.570795992557482,296.25
0,38,-8.399560715206984,-8.486877240792289,12.721017395162368,19.570795992557482,296.25
0,39,-8.399560715206984,-8.399560715206999,12.721017395162368,19.570795992557482,296.25
0,40,-8.399560715206984,-8.399560715206999,12.721017395162368,19.570795992557482,296.25
0,41,-8.399560715206984,-8.399560715206999,12.721017395162368,19.570795992557482,296.25
0,42,-8.399560715206984,-8.399560715206999,12.721017395162368,19.570795992557482,296.25
0,43,-8.399560715206984,-8.399560715206999,12.721017395162368,19.570795992557482,296.25
0,44,-8.399560715206984,-8.399560715206999,12.721017395162368,19.570795992557482,296.25
0,45,-8.399560715206984,-8.399560715206999,12.721017395162368,19.570795992557482,296.25
0,46,-8.399560715206984,-8.399560715206999,12.721017395162368,19.570795992557482,296.25
0,47,-8.399560715206984,-8.399560715206999,12.721017395162368,19.570795992557482,296.25
0,48,-8.399560715206984,-8.399560715206999,12.721017395162368,19.570795992557482,296.25
0,49,-8.399560715206984,-8.399560715206999,12.721017395162368,19.570795992557482,296.25
0,50,-8.399560715206984,-8.399560715206999,12.721017395162368,19.570795992557482,296.25
0,51,-8.399560715206984,-8.399560715206999,12.721017395162368,19.570795992557482,296.25
0,52,-8.399560715206984,-8.399560715206999,12.721017395162368,19.570795992557482,296.25
0,53,-8.399560715206984,-8.399560715206999,12.721017395162368,19.570795992557482,296.25
0,54,-8.399560715206984,-8.399560715206999,12.721017395162368,19.570795992557482,296.25
0,55,-8.399560715206984,-8.399560715206999,12.721017395162368,19.570795992557482,296.25
0,56,-8.399560715206984,-8.399560715206999,12.721017395162368,19.570795992557482,296.25
0,57,-8.399560715206984,-8.399560715206999,12.721017395162368,19.570795992557482,296.25
0,58,-8.399560715206984,-8.399560715206999,12.721017395162368,19.570795992557482,296.25
0,59,-8.399560715206984,-8.399560715206999,12.721017395162368,19.570795992557482,296.25
1,0,-18.939920288089137,-26.855717119697964,12.99897124159613,19.998417294763282,280.4
1,1,-18.939920288089137,-24.241076168180417,12.99897124159613,19.998417294763282,280.4
1,2,-17.711542192731464,-22.24502838320658,12.63821517365156,19.44340795946394,309.7
1,3,-17.711542192731464,-20.850588561910918,12.63821517365156,19.44340795946394,309.7
1,4,-17.492104575681317,-19.73078171740221,12.39823261336373,19.074204020559584,283.2
1,5,-15.623194500580365,-18.786013146921896,13.038009508265288,20.058476166561988,289.15000000000003
1,6,-15.451199087900871,-18.32429596541779,12.67609266361476,19.50168102094579,283.40000000000003
1,7,-14.096026484437958,-17.803051755230403,13.785970987209714,21.209186134168796,287.40000000000003
1,8,-10.83771520175615,-17.165759180072385,13.120043993052741,20.18468306623499,287.65000000000003
1,9,-10.83771520175615,-16.168568325668108,13.120043993052741,20.18468306623499,287.65000000000003
1,10,-10.83771520175615,-15.021897631151228,13.120043993052741,20.18468306623499,287.65000000000003
1,11,-10.83771520175615,-14.331472828347865,13.120043993052741,20.18468306623499,287.65000000000003
1,12,-10.83771520175615,-13.60165930374142,13.120043993052741,20.18468306623499,287.65000000000003
1,13,-10.83771520175615,-13.077706146234627,13.120043993052741,20.18468306623499,287.65000000000003
1,14,-10.83771520175615,-12.701438046051479,13.120043993052741,20.18468306623499,287.65000000000003
1,15,-10.83771520175615,-12.266504776428306,13.120043993052741,20.18468306623499,287.65000000000003
1,16,-10.83771520175615,-11.682236055336979,13.120043993052741,20.18468306623499,287.65000000000003
1,17,-10.83771520175615,-11.354286334669537,13.120043993052741,20.18468306623499,287.65000000000003
1,18,-10.83771520175615,-11.191685685292398,13.120043993052741,20.18468306623499,287.65000000000003
1,19,-10.83771520175615,-11.085328958267471,13.120043993052741,20.18468306623499,287.65000000000003
1,20,-10.772130302386373,-11.022966106026248,13.159059265873136,20.24470656288175,297.45
1,21,-10.772130302386373,-10.93042725732489,13.159059265873136,20.24470656288175,297.45
1,22,-10.772130302386373,-10.894214176565805,13.159059265873136,20.24470656288175,297.45
1,23,-10.772130302386373,-10.858277577522374,13.159059265873136,20.24470656288175,297.45
1,24,-10.772130302386373,-10.833124258800272,13.159059265873136,20.24470656288175,297.45
1,25,-10.772130302386373,-10.83160662484729,13.159059265873136,20.24470656288175,297.45
1,26,-10.772130302386373,-10.827465594919511,13.159059265873136,20.24470656288175,297.45
1,27,-10.772130302386373,-10.823118629026146,13.159059265873136,20.24470656288175,297.45
1,28,-10.772130302386373,-10.81856572716719,13.159059265873136,20.24470656288175,297.45
1,29,-10.772130302386373,-10.81200723723021,13.159059265873136,20.24470656288175,297.45
1,30,-10.772130302386373,-10.806554509315035,13.159059265873136,20.24470656288175,297.45
1,31,-10.772130302386373,-10.796716774409566,13.159059265873136,20.24470656288175,297.45
1,32,-10.772130302386373,-10.78819073749149,13.159059265873136,20.24470656288175,297.45
1,33,-10.772130302386373,-10.773480041470684,13.159059265873136,20.24470656288175,297.45
1,34,-10.632130302386372,-10.769946268480867,13.159059265873136,20.24470656288175,290.45
1,35,-10.632130302386372,-10.769946268480867,13.159059265873136,20.24470656288175,290.45
1,36,-10.632130302386372,-10.769946268480867,13.159059265873136,20.24470656288175,290.45
1,37,-10.632130302386372,-10.769946268480867,13.159059265873136,20.24470656288175,290.45
1,38,-10.632130302386372,-10.769946268480867,13.159059265873136,20.24470656288175,290.45
1,39,-10.632130302386372,-10.769162234575374,13.159059265873136,20.24470656288175,290.45
1,40,-10.632130302386372,-10.76697820066988,13.159059265873136,20.24470656288175,290.45
1,41,-10.632130302386372,-10.764010132858893,13.159059265873136,20.24470656288175,290.45
1,42,-10.632130302386372,-10.762610132858892,13.159059265873136,20.24470656288175,290.45
1,43,-10.632130302386372,-10.755442065047907,13.159059265873136,20.24470656288175,290.45
1,44,-10.632130302386372,-10.75107399723692,13.159059265873136,20.24470656288175,290.45
1,45,-10.632130302386372,-10.746873997236921,13.159059265873136,20.24470656288175,290.45
1,46,-10.632130302386372,-10.742505929425933,13.159059265873136,20.24470656288175,290.45
1,47,-10.632130302386372,-10.730801725992974,13.159059265873136,20.24470656288175,290.45
1,48,-10.632130302386372,-10.722065590371,13.159059265873136,20.24470656288175,290.45
1,49,-10.632130302386372,-10.709297522560018,13.159059265873136,20.24470656288175,290.45
1,50,-10.632130302386372,-10.687625251316083,13.159059265873136,20.24470656288175,290.45
1,51,-10.577130302386372,-10.657955081788625,13.159059265873136,20.24470656288175,287.7
1,52,-10.577130302386372,-10.651357183505104,13.159059265873136,20.24470656288175,287.7
1,53,-10.577130302386372,-10.633076098953413,13.159059265873136,20.24470656288175,287.7
1,54,-10.577130302386372,-10.628280302386374,13.159059265873136,20.24470656288175,287.7
1,55,-10.577130302386372,-10.628280302386374,13.159059265873136,20.24470656288175,287.7
1,56,-10.577130302386372,-10.624980302386374,13.159059265873136,20.24470656288175,287.7
1,57,-10.577130302386372,-10.621680302386375,13.159059265873136,20.24470656288175,287.7
1,58,-10.577130302386372,-10.612880302386374,13.159059265873136,20.24470656288175,287.7
1,59,-10.577130302386372,-10.607380302386373,13.159059265873136,20.24470656288175,287.7
2,0,-15.287719737358366,-25.238235645868617,9.56140124180101,14.709848064309243,273.0
2,1,-15.051978638922924,-21.8029147415657,12.577279665877729,19.349661024427277,294.2
2,2,-11.937385892488013,-19.64392679548414,11.136452404758025,17.13300369962774,258.55
2,3,-11.937385892488013,-18.50443249402533,11.136452404758025,17.13300369962774,258.55
2,4,-11.937385892488013,-17.717940808048798,11.136452404758025,17.13300369962774,258.55
2,5,-10.836387154136691,-16.916730855740575,12.381544705587071,19.048530316287803,282.45
2,6,-10.836387154136691,-16.206904437516638,12.381544705587071,19.048530316287803,282.45
2,7,-10.836387154136691,-15.134324109206903,12.381544705587071,19.048530316287803,282.45
2,8,-10.836387154136691,-14.446708710633557,12.381544705587071,19.048530316287803,282.45
2,9,-10.836387154136691,-13.786908195752341,12.381544705587071,19.048530316287803,282.45
2,10,-10.836387154136691,-13.186380285917885,12.381544705587071,19.048530316287803,282.45
2,11,-9.316344227081718,-12.577237273269306,12.189290730876971,18.752754970579957,284.25
2,12,-9.316344227081718,-12.21768848610858,12.189290730876971,18.752754970579957,284.25
2,13,-9.316344227081718,-11.97938886176679,12.189290730876971,18.752754970579957,284.25
2,14,-9.316344227081718,-11.591019234133398,12.189290730876971,18.752754970579957,284.25
2,15,-9.316344227081718,-11.183344957272256,12.189290730876971,18.752754970579957,284.25
2,16,-8.972291817273911,-11.013835920023213,11.967958473881803,18.412243805972004,286.05
2,17,-8.972291817273911,-10.891527317692844,11.967958473881803,18.412243805972004,286.05
2,18,-8.894143889498425,-10.441728380305836,12.058035555217046,18.550823931103146,290.55
2,19,-8.769143889498425,-10.182215149177873,12.058035555217046,18.550823931103146,284.3
2,20,-8.769143889498425,-9.973320517226162,12.058035555217046,18.550823931103146,284.3
2,21,-8.769143889498425,-9.737940775852241,12.058035555217046,18.550823931103146,284.3
2,22,-8.769143889498425,-9.329294139758568,12.058035555217046,18.550823931103146,284.3
2,23,-8.769143889498425,-9.218311787854688,12.058035555217046,18.550823931103146,284.3
2,24,-8.769143889498425,-9.135392827629126,12.058035555217046,18.550823931103146,284.3
2,25,-8.769143889498425,-9.058669566827072,12.058035555217046,18.550823931103146,284.3
2,26,-8.769143889498425,-8.988801729298023,12.058035555217046,18.550823931103146,284.3
2,27,-8.769143889498425,-8.912676870367257,12.058035555217046,18.550823931103146,284.3
2,28,-8.769143889498425,-8.842940814393536,12.058035555217046,18.550823931103146,284.3
2,29,-8.345053881616147,-8.822874253731902,11.898243811322063,18.30499047895702,289.3
2,30,-8.345053881616147,-8.804510770657927,11.898243811322063,18.30499047895702,289.3
2,31,-8.345053881616147,-8.788910147234418,11.898243811322063,18.30499047895702,289.3
2,32,-8.345053881616147,-8.76403374139228,11.898243811322063,18.30499047895702,289.3
2,33,-8.345053881616147,-8.758608830572637,11.898243811322063,18.30499047895702,289.3
2,34,-8.345053881616147,-8.757847118864145,11.898243811322063,18.30499047895702,289.3
2,35,-8.345053881616147,-8.75265457612779,11.898243811322063,18.30499047895702,289.3
2,36,-8.345053881616147,-8.739127078347217,11.898243811322063,18.30499047895702,289.3
2,37,-8.345053881616147,-8.722655369025661,11.898243811322063,18.30499047895702,289.3
2,38,-8.345053881616147,-8.692615913587328,11.898243811322063,18.30499047895702,289.3
2,39,-8.345053881616147,-8.638161367389792,11.898243811322063,18.30499047895702,289.3
2,40,-8.345053881616147,-8.59682636654215,11.898243811322063,18.30499047895702,289.3
2,41,-8.345053881616147,-8.545832410709703,11.898243811322063,18.30499047895702,289.3
2,42,-8.345053881616147,-8.449218863723946,11.898243811322063,18.30499047895702,289.3
2,43,-8.345053881616147,-8.398534372551227,11.898243811322063,18.30499047895702,289.3
2,44,-8.345053881616147,-8.347408191270482,11.898243811322063,18.30499047895702,289.3
2,45,-8.093558124092612,-8.342538924040927,11.981886815419074,18.433672023721652,284.55
2,46,-8.093558124092612,-8.342538924040927,11.981886815419074,18.433672023721652,284.55
2,47,-8.093558124092612,-8.341675452703964,11.981886815419074,18.433672023721652,284.55
2,48,-7.986999554635327,-8.332201522946724,11.994754969895537,18.453469184454672,280.3
2,49,-7.986999554635327,-8.33133805160976,11.994754969895537,18.453469184454672,280.3
2,50,-7.986999554635327,-8.3304745802728,11.994754969895537,18.453469184454672,280.3
2,51,-7.986999554635327,-8.30449546351329,11.994754969895537,18.453469184454672,280.3
2,52,-7.986999554635327,-8.2946599646248,11.994754969895537,18.453469184454672,280.3
2,53,-7.986999554635327,-8.281818750782817,11.994754969895537,18.453469184454672,280.3
2,54,-7.986999554635327,-8.252833278022237,11.994754969895537,18.453469184454672,280.3
2,55,-7.986999554635327,-8.222651821824979,11.994754969895537,18.453469184454672,280.3
2,56,-7.986999554635327,-8.200343377594189,11.994754969895537,18.453469184454672,280.3
2,57,-7.986999554635327,-8.14569134162028,11.994754969895537,18.453469184454672,280.3
2,58,-7.986999554635327,-8.086122393145986,11.994754969895537,18.453469184454672,280.3
2,59,-7.971999554635326,-8.065781088528668,11.994754969895537,18.453469184454672,279.55
3,0,-13.206989987856089,-27.12419050856764,14.245348010882749,21.91592001674269,291.65
3,1,-13.206989987856089,-23.175121841128153,14.245348010882749,21.91592001674269,291.65
3,2,-12.874831739480124,-19.379496856991704,13.289887541005353,20.445980832315925,284.15
3,3,-9.540797731765121,-15.706073164278727,12.459248169549653,19.16807410699946,286.45
3,4,-9.132399933085733,-13.963071979152124,12.785685469871998,19.67028533826461,299.4
3,5,-9.107845496197335,-13.176664022206964,12.784773798874168,19.668882767498715,299.45
3,6,-9.107845496197335,-12.550285897987608,12.784773798874168,19.668882767498715,299.45
3,7,-9.107845496197335,-12.103245535058637,12.784773798874168,19.668882767498715,299.45
3,8,-9.107845496197335,-11.571646722144584,12.784773798874168,19.668882767498715,299.45
3,9,-9.107845496197335,-11.022540107961111,12.784773798874168,19.668882767498715,299.45
3,10,-9.107845496197335,-10.533029654052209,12.784773798874168,19.668882767498715,299.45
3,11,-9.107845496197335,-9.993231268233334,12.784773798874168,19.668882767498715,299.45
3,12,-9.107845496197335,-9.552245553884722,12.784773798874168,19.668882767498715,299.45
3,13,-9.107845496197335,-9.281878853472666,12.784773798874168,19.668882767498715,299.45
3,14,-9.107845496197335,-9.190362345435632,12.784773798874168,19.668882767498715,299.45
3,15,-9.107845496197335,-9.133425864659602,12.784773798874168,19.668882767498715,299.45
3,16,-9.107845496197335,-9.131317435740813,12.784773798874168,19.668882767498715,299.45
3,17,-9.107845496197335,-9.129886930489347,12.784773798874168,19.668882767498715,299.45
3,18,-9.107845496197335,-9.128471223183572,12.784773798874168,19.668882767498715,299.45
3,19,-9.107845496197335,-9.126752412601384,12.784773798874168,19.668882767498715,299.45
3,20,-9.107845496197335,-9.123560335805896,12.784773798874168,19.668882767498715,299.45
3,21,-8.932948852149739,-9.118074781760573,12.797641953350631,19.688679928231736,291.95
3,22,-8.932948852149739,-9.112397105417957,12.797641953350631,19.688679928231736,291.95
3,23,-8.932948852149739,-9.108959484253585,12.797641953350631,19.688679928231736,291.95
3,24,-8.932948852149739,-9.103246208363846,12.797641953350631,19.688679928231736,291.95
3,25,-8.932948852149739,-9.10095273111401,12.797641953350631,19.688679928231736,291.95
3,26,-8.932948852149739,-9.099203764673533,12.797641953350631,19.688679928231736,291.95
3,27,-8.932948852149739,-9.095705831792582,12.797641953350631,19.688679928231736,291.95
3,28,-8.932948852149739,-9.091709966030677,12.797641953350631,19.688679928231736,291.95
3,29,-8.932948852149739,-9.083367200947345,12.797641953350631,19.688679928231736,291.95
3,30,-8.932948852149739,-9.073227536542584,12.797641953350631,19.688679928231736,291.95
3,31,-8.932948852149739,-9.057689939256871,12.797641953350631,19.688679928231736,291.95
3,32,-8.932948852149739,-9.053443039935443,12.797641953350631,19.688679928231736,291.95
3,33,-8.932948852149739,-9.030909576887826,12.797641953350631,19.688679928231736,291.95
3,34,-7.457815720013506,-8.98466105564953,14.377207915336493,22.118781408209983,301.79999999999995
3,35,-7.457815720013506,-8.965924491923344,14.377207915336493,22.118781408209983,301.79999999999995
3,36,-7.457815720013506,-8.949733793959057,14.377207915336493,22.118781408209983,301.79999999999995
3,37,-7.457815720013506,-8.92117006708974,14.377207915336493,22.118781408209983,301.79999999999995
3,38,-7.457815720013506,-8.883905008899056,14.377207915336493,22.118781408209983,301.79999999999995
3,39,-7.457815720013506,-8.869153677577696,14.377207915336493,22.118781408209983,301.79999999999995
3,40,-7.457815720013506,-8.833137288065654,14.377207915336493,22.118781408209983,301.79999999999995
3,41,-7.457815720013506,-8.775855840362935,14.377207915336493,22.118781408209983,301.79999999999995
3,42,-7.457815720013506,-8.705546938921579,14.377207915336493,22.118781408209983,301.79999999999995
3,43,-7.457815720013506,-8.636961915062956,14.377207915336493,22.118781408209983,301.79999999999995
3,44,-7.457815720013506,-8.555349437465699,14.377207915336493,22.118781408209983,301.79999999999995
3,45,-7.457815720013506,-8.429482965904354,14.377207915336493,22.118781408209983,301.79999999999995
3,46,-7.457815720013506,-8.229859837736202,14.377207915336493,22.118781408209983,301.79999999999995
3,47,-7.457815720013506,-8.18081599448553,14.377207915336493,22.118781408209983,301.79999999999995
3,48,-7.457815720013506,-8.003800018629187,14.377207915336493,22.118781408209983,301.79999999999995
3,49,-7.457815720013506,-7.795557502547391,14.377207915336493,22.118781408209983,301.79999999999995
3,50,-7.457815720013506,-7.696706249122841,14.377207915336493,22.118781408209983,301.79999999999995
3,51,-7.457815720013506,-7.581379786794199,14.377207915336493,22.118781408209983,301.79999999999995
3,52,-7.457815720013506,-7.49900374227374,14.377207915336493,22.118781408209983,301.79999999999995
3,53,-7.457815720013506,-7.457815720013511,14.377207915336493,22.118781408209983,301.79999999999995
3,54,-7.457815720013506,-7.457815720013511,14.377207915336493,22.118781408209983,301.79999999999995
3,55,-7.457815720013506,-7.457815720013511,14.377207915336493,22.118781408209983,301.79999999999995
3,56,-7.457815720013506,-7.457815720013511,14.377207915336493,22.118781408209983,301.79999999999995
3,57,-7.457815720013506,-7.457815720013511,14.377207915336493,22.118781408209983,301.79999999999995
3,58,-7.457815720013506,-7.457815720013511,14.377207915336493,22.118781408209983,301.79999999999995
3,59,-7.457815720013506,-7.457815720013511,14.377207915336493,22.118781408209983,301.79999999999995
4,0,-17.535611833403657,-27.168203434722077,12.491379599124784,19.217507075576588,280.34999999999997
4,1,-17.023829527146248,-23.284970763059988,11.52762465637222,17.73480716364957,291.55
4,2,-15.736964772740317,-20.448006659892748,13.703816050464873,21.082793923792117,288.5
4,3,-12.988299986131356,-18.736719504474987,11.769731409027468,18.10727909081149,290.4
4,4,-11.723844946520346,-17.347605792649674,11.588102420739276,17.82784987806043,281.35
4,5,-11.723844946520346,-16.414522860102394,11.588102420739276,17.82784987806043,281.35
4,6,-10.572422946139486,-15.5845910839623,11.976269309098138,18.425029706304827,290.45
4,7,-10.572422946139486,-14.71064108038137,11.976269309098138,18.425029706304827,290.45
4,8,-10.572422946139486,-13.554233988499819,11.976269309098138,18.425029706304827,290.45
4,9,-10.572422946139486,-12.872881543661347,11.976269309098138,18.425029706304827,290.45
4,10,-10.572422946139486,-12.191572953674465,11.976269309098138,18.425029706304827,290.45
4,11,-6.169886607149716,-11.400047344719274,11.245409448060048,17.300629920092387,269.2
4,12,-6.169886607149716,-11.093062759771856,11.245409448060048,17.300629920092387,269.2
4,13,-6.169886607149716,-10.656954047906593,11.245409448060048,17.300629920092387,269.2
4,14,-6.169886607149716,-10.190112600131961,11.245409448060048,17.300629920092387,269.2
4,15,-6.169886607149716,-9.889694183313772,11.245409448060048,17.300629920092387,269.2
4,16,-5.899210254842235,-9.240601500798597,11.395831238385995,17.53204805905538,273.34999999999997
4,17,-5.899210254842235,-8.643623565874925,11.395831238385995,17.53204805905538,273.34999999999997
4,18,-5.899210254842235,-7.915896097244595,11.395831238385995,17.53204805905538,273.34999999999997
4,19,-5.667019089379891,-7.245969091000288,11.466741705055217,17.641141084700337,266.4
4,20,-5.667019089379891,-6.679569441875844,11.466741705055217,17.641141084700337,266.4
4,21,-5.667019089379891,-6.446505694674898,11.466741705055217,17.641141084700337,266.4
4,22,-5.4185940144999805,-6.257910059376198,12.159563142067997,18.707020218566154,270.05
4,23,-5.4185940144999805,-6.120396403136449,12.159563142067997,18.707020218566154,270.05
4,24,-5.4185940144999805,-6.024654689723997,12.159563142067997,18.707020218566154,270.05
4,25,-5.4185940144999805,-5.972502108883593,12.159563142067997,18.707020218566154,270.05
4,26,-4.34501597128279,-5.922554137240431,12.710448835205387,19.554536669546753,273.35
4,27,-4.34501597128279,-5.851457862617233,12.710448835205387,19.554536669546753,273.35
4,28,-4.34501597128279,-5.752300523087784,12.710448835205387,19.554536669546753,273.35
4,29,-4.34501597128279,-5.620220701094846,12.710448835205387,19.554536669546753,273.35
4,30,-4.34501597128279,-5.478382885561905,12.710448835205387,19.554536669546753,273.35
4,31,-4.34501597128279,-5.3735166255582305,12.710448835205387,19.554536669546753,273.35
4,32,-4.34501597128279,-5.347212722860827,12.710448835205387,19.554536669546753,273.35
4,33,-4.34501597128279,-5.271974341397753,12.710448835205387,19.554536669546753,273.35
4,34,-4.34501597128279,-5.221572194178737,12.710448835205387,19.554536669546753,273.35
4,35,-4.34501597128279,-5.107256381967004,12.710448835205387,19.554536669546753,273.35
4,36,-4.34501597128279,-4.999898577645284,12.710448835205387,19.554536669546753,273.35
4,37,-4.34501597128279,-4.849597651594875,12.710448835205387,19.554536669546753,273.35
4,38,-4.34501597128279,-4.785182969001843,12.710448835205387,19.554536669546753,273.35
4,39,-4.34501597128279,-4.605929898354804,12.710448835205387,19.554536669546753,273.35
4,40,-4.34501597128279,-4.42342163100788,12.710448835205387,19.554536669546753,273.35
4,41,-4.34501597128279,-4.345015971282793,12.710448835205387,19.554536669546753,273.35
4,42,-4.34501597128279,-4.345015971282793,12.710448835205387,19.554536669546753,273.35
4,43,-4.34501597128279,-4.345015971282793,12.710448835205387,19.554536669546753,273.35
4,44,-4.34501597128279,-4.345015971282793,12.710448835205387,19.554536669546753,273.35
4,45,-4.34501597128279,-4.345015971282793,12.710448835205387,19.554536669546753,273.35
4,46,-4.34501597128279,-4.345015971282793,12.710448835205387,19.554536669546753,273.35
4,47,-4.34501597128279,-4.345015971282793,12.710448835205387,19.554536669546753,273.35
4,48,-4.34501597128279,-4.345015971282793,12.710448835205387,19.554536669546753,273.35
4,49,-4.34501597128279,-4.345015971282793,12.710448835205387,19.554536669546753,273.35
4,50,-4.34501597128279,-4.345015971282793,12.710448835205387,19.554536669546753,273.35
4,51,-4.34501597128279,-4.345015971282793,12.710448835205387,19.554536669546753,273.35
4,52,-4.34501597128279,-4.345015971282793,12.710448835205387,19.554536669546753,273.35
4,53,-4.34501597128279,-4.345015971282793,12.710448835205387,19.554536669546753,273.35
4,54,-4.34501597128279,-4.345015971282793,12.710448835205387,19.554536669546753,273.35
4,55,-4.34501597128279,-4.345015971282793,12.710448835205387,19.554536669546753,273.35
4,56,-4.34501597128279,-4.345015971282793,12.710448835205387,19.554536669546753,273.35
4,57,-4.34501597128279,-4.345015971282793,12.710448835205387,19.554536669546753,273.35
4,58,-4.34501597128279,-4.345015971282793,12.710448835205387,19.554536669546753,273.35
4,59,-4.34501597128279,-4.345015971282793,12.710448835205387,19.554536669546753,273.35
0,0,-20.47848849190825,-27.0008390008991,11.715707554590848,18.024165468601304,309.25
0,1,-17.39613920349912,-24.07453491299568,12.375787411053157,19.039672940081772,312.84999999999997
0,2,-15.646789041072312,-21.945532289125552,11.544458439522478,17.760705291573046,304.45
0,3,-15.646789041072312,-20.064059296780115,11.544458439522478,17.760705291573046,304.45
0,4,-12.960620735858397,-18.6885547279773,12.130361229917618,18.662094199873252,317.8
0,5,-12.960620735858397,-17.45295179454861,12.130361229917618,18.662094199873252,317.8
0,6,-11.755445871587673,-16.70042028261551,12.944388971625353,19.914444571731305,309.45
0,7,-11.755445871587673,-16.096355961437713,12.944388971625353,19.914444571731305,309.45
0,8,-11.755445871587673,-15.565751337336332,12.944388971625353,19.914444571731305,309.45
0,9,-11.755445871587673,-15.04345086502389,12.944388971625353,19.914444571731305,309.45
0,10,-11.755445871587673,-14.22755952279477,12.944388971625353,19.914444571731305,309.45
0,11,-11.37764852112683,-13.754332056778171,11.799365497403521,18.152869996005418,283.4
0,12,-11.37764852112683,-13.212420194486592,11.799365497403521,18.152869996005418,283.4
0,13,-10.113381027967709,-12.940673556309672,11.630832974324093,17.893589191267832,288.45
0,14,-10.113381027967709,-12.577858487681816,11.630832974324093,17.893589191267832,288.45
0,15,-10.113381027967709,-12.345726162680721,11.630832974324093,17.893589191267832,288.45
0,16,-10.113381027967709,-12.114813680509858,11.630832974324093,17.893589191267832,288.45
0,17,-10.113381027967709,-11.92275292242145,11.630832974324093,17.893589191267832,288.45
0,18,-10.113381027967709,-11.711132765989953,11.630832974324093,17.893589191267832,288.45
0,19,-10.113381027967709,-11.528827598899237,11.630832974324093,17.893589191267832,288.45
0,20,-6.959532220992722,-11.303196612294691,10.86568731553427,16.71644202389888,289.65
0,21,-6.959532220992722,-11.21261964923733,10.86568731553427,16.71644202389888,289.65
0,22,-6.959532220992722,-10.973624143566504,10.86568731553427,16.71644202389888,289.65
0,23,-6.959532220992722,-10.864624680880011,10.86568731553427,16.71644202389888,289.65
0,24,-6.959532220992722,-10.407741026511271,10.86568731553427,16.71644202389888,289.65
0,25,-6.959532220992722,-10.058210992668531,10.86568731553427,16.71644202389888,289.65
0,26,-6.959532220992722,-9.910340494103147,10.86568731553427,16.71644202389888,289.65
0,27,-6.959532220992722,-9.7274304391678,10.86568731553427,16.71644202389888,289.65
0,28,-6.959532220992722,-9.67011801483054,10.86568731553427,16.71644202389888,289.65
0,29,-6.959532220992722,-9.461230527709187,10.86568731553427,16.71644202389888,289.65
0,30,-6.959532220992722,-9.004754757065493,10.86568731553427,16.71644202389888,289.65
0,31,-6.959532220992722,-8.695580706699044,10.86568731553427,16.71644202389888,289.65
0,32,-6.959532220992722,-8.307809273781738,10.86568731553427,16.71644202389888,289.65
0,33,-6.959532220992722,-7.64380984659822,10.86568731553427,16.71644202389888,289.65
0,34,-6.959532220992722,-7.330580535602229,10.86568731553427,16.71644202389888,289.65
0,35,-6.959532220992722,-6.959532220992733,10.86568731553427,16.71644202389888,289.65
0,36,-6.781369995367131,-6.957750598736477,10.92489197598187,16.807526116895186,288.65
0,37,-6.781369995367131,-6.957750598736477,10.92489197598187,16.807526116895186,288.65
0,38,-6.781369995367131,-6.9559689764802215,10.92489197598187,16.807526116895186,288.65
0,39,-6.781369995367131,-6.950624109711454,10.92489197598187,16.807526116895186,288.65
0,40,-6.781369995367131,-6.947060865198941,10.92489197598187,16.807526116895186,288.65
0,41,-6.781369995367131,-6.9417159984301735,10.92489197598187,16.807526116895186,288.65
0,42,-6.781369995367131,-6.9274630203801255,10.92489197598187,16.807526116895186,288.65
0,43,-6.781369995367131,-6.918554909098847,10.92489197598187,16.807526116895186,288.65
0,44,-6.781369995367131,-6.8971754420237765,10.92489197598187,16.807526116895186,288.65
0,45,-5.626647099816658,-6.858903879224431,12.9283517413663,19.8897719097943,296.45
0,46,-5.626647099816658,-6.82241393868134,12.9283517413663,19.8897719097943,296.45
0,47,-5.626647099816658,-6.801034471606267,12.9283517413663,19.8897719097943,296.45
0,48,-5.626647099816658,-6.765402026481156,12.9283517413663,19.8897719097943,296.45
0,49,-5.626647099816658,-6.746728308500629,12.9283517413663,19.8897719097943,296.45
0,50,-5.626647099816658,-6.746728308500629,12.9283517413663,19.8897719097943,296.45
0,51,-5.626647099816658,-6.723633850589619,12.9283517413663,19.8897719097943,296.45
0,52,-5.626647099816658,-6.706743107815384,12.9283517413663,19.8897719097943,296.45
0,53,-5.626647099816658,-6.706743107815384,12.9283517413663,19.8897719097943,296.45
0,54,-5.626647099816658,-6.666757907130139,12.9283517413663,19.8897719097943,296.45
0,55,-5.626647099816658,-6.666757907130139,12.9283517413663,19.8897719097943,296.45
0,56,-5.626647099816658,-6.632976421581667,12.9283517413663,19.8897719097943,296.45
0,57,-5.626647099816658,-6.6107421649887,12.9283517413663,19.8897719097943,296.45
0,58,-5.626647099816658,-6.524568048481436,12.9283517413663,19.8897719097943,296.45
0,59,-5.626647099816658,-6.432190216837398,12.9283517413663,19.8897719097943,296.45
1,0,-18.939920288089137,-26.855717119697964,12.99897124159613,19.998417294763282,280.4
1,1,-18.939920288089137,-24.241076168180413,12.99897124159613,19.998417294763282,280.4
1,2,-17.711542192731464,-22.245028383206588,12.638215173651561,19.44340795946394,309.70000000000005
1,3,-17.711542192731464,-20.85054856191092,12.638215173651561,19.44340795946394,309.70000000000005
1,4,-16.211733359093603,-19.60585641426058,12.240971131948696,18.83226327992107,310.65
1,5,-16.211733359093603,-18.841903340709013,12.240971131948696,18.83226327992107,310.65
1,6,-11.713666806910037,-18.251969410378234,13.387143820296153,20.5956058773787,308.05000000000007
1,7,-11.713666806910037,-17.526293687543237,13.387143820296153,20.5956058773787,308.05000000000007
1,8,-11.713666806910037,-16.636174519436466,13.387143820296153,20.5956058773787,308.05000000000007
1,9,-11.713666806910037,-15.848606097772203,13.387143820296153,20.5956058773787,308.05000000000007
1,10,-11.024388918812377,-14.826674241583737,12.685209538811213,19.515706982786483,287.3
1,11,-11.024388918812377,-14.450232110081764,12.685209538811213,19.515706982786483,287.3
1,12,-11.024388918812377,-14.207466587076375,12.685209538811213,19.515706982786483,287.3
1,13,-11.024388918812377,-13.73593606428646,12.685209538811213,19.515706982786483,287.3
1,14,-11.024388918812377,-13.284890948096699,12.685209538811213,19.515706982786483,287.3
1,15,-10.88272775495583,-13.080513517973559,12.77203591096998,19.649286016876893,289.2
1,16,-10.320503919015314,-12.706456556859465,12.884303291296952,19.82200506353378,292.3
1,17,-10.320503919015314,-12.275485352809783,12.884303291296952,19.82200506353378,292.3
1,18,-10.28715446911548,-11.906924722151064,12.406893080925112,19.08752781680786,284.8
1,19,-10.28715446911548,-11.609650079634473,12.406893080925112,19.08752781680786,284.8
1,20,-10.28715446911548,-11.439385726850803,12.406893080925112,19.08752781680786,284.8
1,21,-10.28715446911548,-11.31218707563022,12.406893080925112,19.08752781680786,284.8
1,22,-10.28715446911548,-11.21728176069542,12.406893080925112,19.08752781680786,284.8
1,23,-10.28715446911548,-11.094931976758849,12.406893080925112,19.08752781680786,284.8
1,24,-10.28715446911548,-10.96107951709751,12.406893080925112,19.08752781680786,284.8
1,25,-10.28715446911548,-10.875748856725545,12.406893080925112,19.08752781680786,284.8
1,26,-10.28715446911548,-10.85228919697276,12.406893080925112,19.08752781680786,284.8
1,27,-10.28715446911548,-10.759383300313985,12.406893080925112,19.08752781680786,284.8
1,28,-10.28715446911548,-10.683840432689065,12.406893080925112,19.08752781680786,284.8
1,29,-9.819990223639595,-10.553394601637935,12.60763629075794,19.39636352424298,290.40000000000003
1,30,-9.157127673412491,-10.437558116988919,12.310041882395168,18.938525972915645,289.35
1,31,-9.157127673412491,-10.361747338196569,12.310041882395168,18.938525972915645,289.35
1,32,-9.157127673412491,-10.207852313153957,12.310041882395168,18.938525972915645,289.35
1,33,-9.157127673412491,-10.153725706409212,12.310041882395168,18.938525972915645,289.35
1,34,-9.157127673412491,-10.11511516160791,12.310041882395168,18.938525972915645,289.35
1,35,-9.157127673412491,-10.029487031651483,12.310041882395168,18.938525972915645,289.35
1,36,-9.157127673412491,-9.89138743585113,12.310041882395168,18.938525972915645,289.35
1,37,-9.157127673412491,-9.832319077795756,12.310041882395168,18.938525972915645,289.35
1,38,-9.157127673412491,-9.748078386174265,12.310041882395168,18.938525972915645,289.35
1,39,-9.157127673412491,-9.626553108145394,12.310041882395168,18.938525972915645,289.35
1,40,-8.922279638513112,-9.527514683082845,12.713666609024614,19.559487090807096,294.15
1,41,-8.922279638513112,-9.476070240828902,12.713666609024614,19.559487090807096,294.15
1,42,-8.922279638513112,-9.385448075031192,12.713666609024614,19.559487090807096,294.15
1,43,-8.922279638513112,-9.306060506088592,12.713666609024614,19.559487090807096,294.15
1,44,-8.922279638513112,-9.270586353606944,12.713666609024614,19.559487090807096,294.15
1,45,-8.922279638513112,-9.247193251203834,12.713666609024614,19.559487090807096,294.15
1,46,-8.922279638513112,-9.233857809870571,12.713666609024614,19.559487090807096,294.15
1,47,-8.922279638513112,-9.205415297183938,12.713666609024614,19.559487090807096,294.15
1,48,-8.922279638513112,-9.187959745481567,12.713666609024614,19.559487090807096,294.15
1,49,-8.922279638513112,-9.163458752732216,12.713666609024614,19.559487090807096,294.15
1,50,-8.549300166334556,-9.123375811024555,12.145749087823406,18.685767827420634,297.7
1,51,-8.041082463873687,-9.070942894191957,12.216109625464416,18.7940148084068,300.35
1,52,-8.041082463873687,-9.02152618199505,12.216109625464416,18.7940148084068,300.35
1,53,-8.041082463873687,-8.969551111382678,12.216109625464416,18.7940148084068,300.35
1,54,-8.041082463873687,-8.934166647469674,12.216109625464416,18.7940148084068,300.35
1,55,-8.030389336611103,-8.884531267242735,12.205815101883246,18.77817707982038,298.35
1,56,-8.030389336611103,-8.793263449499229,12.205815101883246,18.77817707982038,298.35
1,57,-7.862821767771935,-8.754598742216167,12.462305687944403,19.17277798145293,303.75
1,58,-7.862821767771935,-8.727316687376673,12.462305687944403,19.17277798145293,303.75
1,59,-7.862821767771935,-8.655103181034761,12.462305687944403,19.17277798145293,303.75
2,0,-15.287719737358366,-25.238235645868617,9.56140124180101,14.709848064309245,273.0
2,1,-15.051978638922924,-21.8029147415657,12.577279665877729,19.349661024427277,294.2
2,2,-15.051978638922924,-19.838926305850798,12.577279665877729,19.349661024427277,294.2
2,3,-14.29265119089046,-18.569102969793175,10.559727446230095,16.245734532661682,276.9
2,4,-11.610223362824744,-17.419004452774672,10.411986633511933,16.01844097463374,263.5
2,5,-11.610223362824744,-16.301891790575,10.411986633511933,16.01844097463374,263.5
2,6,-11.610223362824744,-15.29879243973095,10.411986633511933,16.01844097463374,263.5
2,7,-11.610223362824744,-14.175424081889618,10.411986633511933,16.01844097463374,263.5
2,8,-11.2382012126815,-13.386306527508633,10.5411102044182,16.21709262218185,283.75
2,9,-11.2382012126815,-12.919604934570765,10.5411102044182,16.21709262218185,283.75
2,10,-11.2382012126815,-12.653498290134193,10.5411102044182,16.21709262218185,283.75
2,11,-10.98451368942855,-12.394418330722765,10.554853083119486,16.238235512491517,287.65
2,12,-10.98451368942855,-12.121962507923064,10.554853083119486,16.238235512491517,287.65
2,13,-9.113688611967923,-11.780075297072683,10.521807972703506,16.187396881082318,287.35
2,14,-8.98659360344984,-11.543454850068054,10.543941198403022,16.221447997543113,283.85
2,15,-8.98659360344984,-11.372797655287341,10.543941198403022,16.221447997543113,283.85
2,16,-8.945226263231739,-11.14971186725049,10.560412436132896,16.24678836328138,283.85
2,17,-8.593872764515169,-10.879728957212095,10.714830289850456,16.484354292077622,283.25
2,18,-8.385679560315836,-10.693048861516292,10.907852606997404,16.781311703072927,287.5
2,19,-8.385679560315836,-10.470150375623094,10.907852606997404,16.781311703072927,287.5
2,20,-8.385679560315836,-10.17283627979094,10.907852606997404,16.781311703072927,287.5
2,21,-8.385679560315836,-9.74027439377372,10.907852606997404,16.781311703072927,287.5
2,22,-8.385679560315836,-9.460676204478139,10.907852606997404,16.781311703072927,287.5
2,23,-8.385679560315836,-9.356541545639125,10.907852606997404,16.781311703072927,287.5
2,24,-8.385679560315836,-9.047904476577074,10.907852606997404,16.781311703072927,287.5
2,25,-8.385679560315836,-8.853432146978825,10.907852606997404,16.781311703072927,287.5
2,26,-8.385679560315836,-8.773979220321847,10.907852606997404,16.781311703072927,287.5
2,27,-8.385679560315836,-8.698269522321121,10.907852606997404,16.781311703072927,287.5
2,28,-8.385679560315836,-8.59582197088498,10.907852606997404,16.781311703072927,287.5
2,29,-8.385679560315836,-8.537628295935214,10.907852606997404,16.781311703072927,287.5
2,30,-8.385679560315836,-8.490905478850248,10.907852606997404,16.781311703072927,287.5
2,31,-8.385679560315836,-8.468004226388326,10.907852606997404,16.781311703072927,287.5
2,32,-8.385679560315836,-8.43469331371643,10.907852606997404,16.781311703072927,287.5
2,33,-8.385679560315836,-8.416416332977231,10.907852606997404,16.781311703072927,287.5
2,34,-8.385679560315836,-8.388620494578532,10.907852606997404,16.781311703072927,287.5
2,35,-8.385679560315836,-8.385679560315827,10.907852606997404,16.781311703072927,287.5
2,36,-8.385679560315836,-8.385679560315827,10.907852606997404,16.781311703072927,287.5
2,37,-8.385679560315836,-8.385679560315827,10.907852606997404,16.781311703072927,287.5
2,38,-8.385679560315836,-8.385679560315827,10.907852606997404,16.781311703072927,287.5
2,39,-8.385679560315836,-8.385679560315827,10.907852606997404,16.781311703072927,287.5
2,40,-8.385679560315836,-8.385679560315827,10.907852606997404,16.781311703072927,287.5
2,41,-8.385679560315836,-8.385679560315827,10.907852606997404,16.781311703072927,287.5
2,42,-8.385679560315836,-8.385679560315827,10.907852606997404,16.781311703072927,287.5
2,43,-8.385679560315836,-8.385679560315827,10.907852606997404,16.781311703072927,287.5
2,44,-8.385679560315836,-8.385679560315827,10.907852606997404,16.781311703072927,287.5
2,45,-8.385679560315836,-8.385679560315827,10.907852606997404,16.781311703072927,287.5
2,46,-8.385679560315836,-8.385679560315827,10.907852606997404,16.781311703072927,287.5
2,47,-8.325679560315834,-8.385079560315825,10.907852606997404,16.781311703072927,284.5
2,48,-8.325679560315834,-8.384479560315826,10.907852606997404,16.781311703072927,284.5
2,49,-8.325679560315834,-8.383879560315826,10.907852606997404,16.781311703072927,284.5
2,50,-8.325679560315834,-8.383879560315826,10.907852606997404,16.781311703072927,284.5
2,51,-8.325679560315834,-8.382679560315825,10.907852606997404,16.781311703072927,284.5
2,52,-8.325679560315834,-8.381479560315826,10.907852606997404,16.781311703072927,284.5
2,53,-8.325679560315834,-8.380879560315826,10.907852606997404,16.781311703072927,284.5
2,54,-8.325679560315834,-8.378479560315826,10.907852606997404,16.781311703072927,284.5
2,55,-8.325679560315834,-8.374279560315825,10.907852606997404,16.781311703072927,284.5
2,56,-8.325679560315834,-8.367129560315824,10.907852606997404,16.781311703072927,284.5
2,57,-8.325679560315834,-8.358729560315824,10.907852606997404,16.781311703072927,284.5
2,58,-8.325679560315834,-8.353329560315824,10.907852606997404,16.781311703072927,284.5
2,59,-8.325679560315834,-8.34317956031583,10.907852606997404,16.781311703072927,284.5
3,0,-13.206989987856092,-27.12419050856764,14.245348010882747,21.91592001674269,291.65
3,1,-13.206989987856092,-23.17512184112815,14.245348010882747,21.91592001674269,291.65
3,2,-12.874831739480124,-19.383061474430985,13.289887541005353,20.445980832315925,284.15
3,3,-9.652797731765123,-15.746430068128655,12.459248169549651,19.16807410699946,292.05
3,4,-9.123573334895866,-14.052833093898482,12.66256501027777,19.48086924658118,287.8
3,5,-9.123573334895866,-13.297811928343517,12.66256501027777,19.48086924658118,287.8
3,6,-9.000248015026738,-12.682441636497872,12.820841520846734,19.72437157053343,297.59999999999997
3,7,-9.000248015026738,-12.32558154666797,12.820841520846734,19.72437157053343,297.59999999999997
3,8,-9.000248015026738,-11.824605815272468,12.820841520846734,19.72437157053343,297.59999999999997
3,9,-9.000248015026738,-11.3625354030019,12.820841520846734,19.72437157053343,297.59999999999997
3,10,-9.000248015026738,-10.814565069035153,12.820841520846734,19.72437157053343,297.59999999999997
3,11,-9.000248015026738,-10.334689552263491,12.820841520846734,19.72437157053343,297.59999999999997
3,12,-9.000248015026738,-9.907599639377274,12.820841520846734,19.72437157053343,297.59999999999997
3,13,-9.000248015026738,-9.532297465462568,12.820841520846734,19.72437157053343,297.59999999999997
3,14,-9.000248015026738,-9.316286116081132,12.820841520846734,19.72437157053343,297.59999999999997
3,15,-9.000248015026738,-9.186780907092386,12.820841520846734,19.72437157053343,297.59999999999997
3,16,-9.000248015026738,-9.110007549710238,12.820841520846734,19.72437157053343,297.59999999999997
3,17,-9.000248015026738,-9.105074536915474,12.820841520846734,19.72437157053343,297.59999999999997
3,18,-9.000248015026738,-9.09397525812725,12.820841520846734,19.72437157053343,297.59999999999997
3,19,-9.000248015026738,-9.087808992133795,12.820841520846734,19.72437157053343,297.59999999999997
3,20,-9.000248015026738,-9.077942966544263,12.820841520846734,19.72437157053343,297.59999999999997
3,21,-9.000248015026738,-9.064377181358656,12.820841520846734,19.72437157053343,297.59999999999997
3,22,-8.930248015026738,-9.035312357788763,12.820841520846734,19.72437157053343,294.09999999999997
3,23,-8.930248015026738,-9.016813559808401,12.820841520846734,19.72437157053343,294.09999999999997
3,24,-8.930248015026738,-8.999548015026729,12.820841520846734,19.72437157053343,294.09999999999997
3,25,-8.930248015026738,-8.998148015026729,12.820841520846734,19.72437157053343,294.09999999999997
3,26,-8.930248015026738,-8.99744801502673,12.820841520846734,19.72437157053343,294.09999999999997
3,27,-8.92024801502674,-8.99594801502673,12.820841520846734,19.72437157053343,293.59999999999997
3,28,-8.92024801502674,-8.99314801502673,12.820841520846734,19.72437157053343,293.59999999999997
3,29,-8.92024801502674,-8.987448015026729,12.820841520846734,19.72437157053343,293.59999999999997
3,30,-8.92024801502674,-8.98244801502673,12.820841520846734,19.72437157053343,293.59999999999997
3,31,-8.92024801502674,-8.976648015026731,12.820841520846734,19.72437157053343,293.59999999999997
3,32,-8.425360021812937,-8.963799135094593,13.558615710830626,20.85940878589327,300.15
3,33,-8.425360021812937,-8.954299135094594,13.558615710830626,20.85940878589327,300.15
3,34,-8.425360021812937,-8.940999135094607,13.558615710830626,20.85940878589327,300.15
3,35,-8.425360021812937,-8.930899135094615,13.558615710830626,20.85940878589327,300.15
3,36,-8.425360021812937,-8.921699135094622,13.558615710830626,20.85940878589327,300.15
3,37,-8.425360021812937,-8.920999135094624,13.558615710830626,20.85940878589327,300.15
3,38,-8.425360021812937,-8.914650255162487,13.558615710830626,20.85940878589327,300.15
3,39,-8.425360021812937,-8.908101375230332,13.558615710830626,20.85940878589327,300.15
3,40,-8.425360021812937,-8.901452495298178,13.558615710830626,20.85940878589327,300.15
3,41,-8.425360021812937,-8.900452495298167,13.558615710830626,20.85940878589327,300.15
3,42,-8.425360021812937,-8.890554735433891,13.558615710830626,20.85940878589327,300.15
3,43,-8.425360021812937,-8.885605855501753,13.558615710830626,20.85940878589327,300.15
3,44,-8.425360021812937,-8.880656975569615,13.558615710830626,20.85940878589327,300.15
3,45,-8.425360021812937,-8.850963695976786,13.558615710830626,20.85940878589327,300.15
3,46,-8.425360021812937,-8.81632153645182,13.558615710830626,20.85940878589327,300.15
3,47,-8.425360021812937,-8.771781617062578,13.558615710830626,20.85940878589327,300.15
3,48,-8.425360021812937,-8.712395057876922,13.558615710830626,20.85940878589327,300.15
3,49,-8.425360021812937,-8.682701778284093,13.558615710830626,20.85940878589327,300.15
3,50,-8.425360021812937,-8.63816185889485,13.558615710830626,20.85940878589327,300.15
3,51,-8.425360021812937,-8.568877539844925,13.558615710830626,20.85940878589327,300.15
3,52,-8.425360021812937,-8.51938874052355,13.558615710830626,20.85940878589327,300.15
3,53,-8.425360021812937,-8.430308901745073,13.558615710830626,20.85940878589327,300.15
3,54,-8.425360021812937,-8.425360021812937,13.558615710830626,20.85940878589327,300.15
3,55,-8.425360021812937,-8.425360021812937,13.558615710830626,20.85940878589327,300.15
3,56,-8.425360021812937,-8.425360021812937,13.558615710830626,20.85940878589327,300.15
3,57,-8.425360021812937,-8.425360021812937,13.558615710830626,20.85940878589327,300.15
3,58,-8.425360021812937,-8.425360021812937,13.558615710830626,20.85940878589327,300.15
3,59,-8.425360021812937,-8.425360021812937,13.558615710830626,20.85940878589327,300.15
4,0,-17.535611833403657,-27.168203434722077,12.491379599124784,19.217507075576588,280.34999999999997
4,1,-16.84765304567823,-23.242105408280935,12.567041934840642,19.333910668985602,288.34999999999997
4,2,-12.887216158597365,-20.44792929201528,12.356091850973066,19.0093720784201,292.29999999999995
4,3,-12.887216158597365,-18.780598110624886,12.356091850973066,19.0093720784201,292.29999999999995
4,4,-12.887216158597365,-17.270496943464295,12.356091850973066,19.0093720784201,292.29999999999995
4,5,-12.887216158597365,-15.77273154363204,12.356091850973066,19.0093720784201,292.29999999999995
4,6,-11.266890473459243,-14.595789560527372,9.555048632124599,14.700074818653231,248.5
4,7,-11.266890473459243,-13.843028274506619,9.555048632124599,14.700074818653231,248.5
4,8,-11.266890473459243,-13.042937576659074,9.555048632124599,14.700074818653231,248.5
4,9,-10.93638747066589,-12.378119027071602,9.831519975975889,15.125415347655213,247.5
4,10,-10.93638747066589,-11.689222689088188,9.831519975975889,15.125415347655213,247.5
4,11,-10.93638747066589,-11.234953035242299,9.831519975975889,15.125415347655213,247.5
4,12,-10.89300622684871,-11.161279162873022,9.816179219130218,15.10181418327726,245.5
4,13,-10.89300622684871,-11.014950449873398,9.816179219130218,15.10181418327726,245.5
4,14,-10.581900508965363,-10.92337136067095,9.999304299639656,15.383545076368703,255.79999999999998
4,15,-10.581900508965363,-10.898926827216455,9.999304299639656,15.383545076368703,255.79999999999998
4,16,-10.581900508965363,-10.875440386679326,9.999304299639656,15.383545076368703,255.79999999999998
4,17,-10.415461896340942,-10.84554646093206,10.054712577211502,15.46878858032539,257.75
4,18,-10.415461896340942,-10.793802645749428,10.054712577211502,15.46878858032539,257.75
4,19,-10.415461896340942,-10.71527277566489,10.054712577211502,15.46878858032539,257.75
4,20,-10.162483517150624,-10.659361017470545,10.05125628726587,15.463471211178264,257.6
4,21,-10.162483517150624,-10.596124176587534,10.05125628726587,15.463471211178264,257.6
4,22,-10.082861485581136,-10.519229981980253,9.55895031399536,14.706077406146708,257.75
4,23,-10.082861485581136,-10.46258697704093,9.55895031399536,14.706077406146708,257.75
4,24,-10.082861485581136,-10.393858695885047,9.55895031399536,14.706077406146708,257.75
4,25,-9.79247340899394,-10.350768618284654,9.266050466782897,14.255462256589073,250.60000000000002
4,26,-9.690403863386924,-10.301058732476344,9.238430439312008,14.212969906633862,250.60000000000002
4,27,-9.690403863386924,-10.233745759300406,9.238430439312008,14.212969906633862,250.60000000000002
4,28,-9.689586814029822,-10.087134499868526,9.237097119210855,14.210918644939778,250.60000000000002
4,29,-9.679892486198886,-9.795876105394308,9.223823304221868,14.19049739111057,249.45
4,30,-9.658950363406499,-9.701463856434177,9.2178720966642,14.181341687175692,249.45
4,31,-9.658950363406499,-9.682896196969276,9.2178720966642,14.181341687175692,249.45
4,32,-9.658950363406499,-9.67694683547306,9.2178720966642,14.181341687175692,249.45
4,33,-9.658950363406499,-9.669604155955806,9.2178720966642,14.181341687175692,249.45
4,34,-9.648950363406497,-9.660225664844585,9.2178720966642,14.181341687175692,248.95
4,35,-9.648950363406497,-9.658213670580816,9.2178720966642,14.181341687175692,248.95
4,36,-9.58966969314398,-9.65654747822685,9.38122395946495,14.43265224533069,253.10000000000002
4,37,-9.53995014852129,-9.650194512421342,9.058475630537743,13.936116354673452,248.79999999999998
4,38,-9.53995014852129,-9.637960137376588,9.058475630537743,13.936116354673452,248.79999999999998
4,39,-9.53995014852129,-9.60957046402391,9.058475630537743,13.936116354673452,248.79999999999998
4,40,-8.630550478015692,-9.54910107431433,9.058880171977526,13.93673872611927,250.54999999999998
4,41,-8.630550478015692,-9.51762662535682,9.058880171977526,13.93673872611927,250.54999999999998
4,42,-8.630550478015692,-9.49627705105716,9.058880171977526,13.93673872611927,250.54999999999998
4,43,-8.630550478015692,-9.47452277179347,9.058880171977526,13.93673872611927,250.54999999999998
4,44,-8.630550478015692,-9.451253594850003,9.058880171977526,13.93673872611927,250.54999999999998
4,45,-8.630550478015692,-9.434712535432253,9.058880171977526,13.93673872611927,250.54999999999998
4,46,-8.630550478015692,-9.383377701907019,9.058880171977526,13.93673872611927,250.54999999999998
4,47,-8.630550478015692,-9.351076490929394,9.058880171977526,13.93673872611927,250.54999999999998
4,48,-7.398076156138744,-9.27421893838448,9.629150947507101,14.81407838078016,257.15000000000003
4,49,-7.398076156138744,-9.208053174551457,9.629150947507101,14.81407838078016,257.15000000000003
4,50,-7.398076156138744,-9.14011465459077,9.629150947507101,14.81407838078016,257.15000000000003
4,51,-7.398076156138744,-9.066332664902134,9.629150947507101,14.81407838078016,257.15000000000003
4,52,-7.398076156138744,-8.85490657218416,9.629150947507101,14.81407838078016,257.15000000000003
4,53,-7.398076156138744,-8.613875027381257,9.629150947507101,14.81407838078016,257.15000000000003
4,54,-7.398076156138744,-8.394768948178,9.629150947507101,14.81407838078016,257.15000000000003
4,55,-7.398076156138744,-8.34170370237949,9.629150947507101,14.81407838078016,257.15000000000003
4,56,-7.398076156138744,-8.162799440009982,9.629150947507101,14.81407838078016,257.15000000000003
4,57,-7.398076156138744,-8.037239775714756,9.629150947507101,14.81407838078016,257.15000000000003
4,58,-7.398076156138744,-7.980408260071848,9.629150947507101,14.81407838078016,257.15000000000003
4,59,-7.398076156138744,-7.8077765178227745,9.629150947507101,14.81407838078016,257.15000000000003
0,0,-2.0412201422439047,-11.223439274457123,10.800390425196229,16.615985269532658,292.40000000000003
0,1,0.23895830488940462,-7.392792940299376,14.228681640609558,21.890279447091636,285.65
0,2,1.4966292863597275,-5.109145340457578,13.3712881661208,20.571212563262772,298.65
0,3,1.4966292863597275,-3.6326187882746344,13.3712881661208,20.571212563262772,298.65
0,4,1.4966292863597275,-2.060354341232496,13.3712881661208,20.571212563262772,298.65
0,5,3.493032189587936,-0.5945541276519053,14.210987107434908,21.86305708836141,297.29999999999995
0,6,3.493032189587936,0.8437984555453114,14.210987107434908,21.86305708836141,297.29999999999995
0,7,3.8143102059000746,2.0188287988213838,14.01893264072934,21.567588678045148,297.09999999999997
0,8,4.0545677603938834,3.107367645128326,14.137963069636625,21.750712414825585,296.84999999999997
0,9,4.059567760393884,3.576350775231995,14.137963069636625,21.750712414825585,296.59999999999997
0,10,4.059567760393884,3.688671354317354,14.137963069636625,21.750712414825585,296.59999999999997
0,11,4.097042437128671,3.8759217956748504,14.156656296900909,21.779471226001405,295.75
0,12,5.075771889318923,4.072441025901772,13.765157365005331,21.17716517693129,290.15
0,13,5.075771889318923,4.119645029780781,13.765157365005331,21.17716517693129,290.15
0,14,5.459529232024292,4.254371231370903,13.966867523690572,21.487488497985503,293.9
0,15,5.766331041763229,4.567362067330441,14.256863498895031,21.9336361521462,296.95
0,16,5.766331041763229,5.089660601608722,14.256863498895031,21.9336361521462,296.95
0,17,5.832466349501921,5.415230128553658,14.090818287225702,21.67818198034724,293.25
0,18,5.903409487961107,5.619953801290649,13.75581733235511,21.16279589593094,290.5
0,19,6.084730969318152,5.770404049248844,14.328879145040272,22.044429453908116,294.85
0,20,6.174136085230253,5.856164481849374,13.924863941624881,21.42286760249982,294.34999999999997
0,21,6.31808580951726,5.960375732949485,14.285965790742173,21.978408908834112,295.8
0,22,6.31808580951726,6.094497653407124,14.285965790742173,21.978408908834112,295.8
0,23,6.9913651364103515,6.179757614034949,13.96908612746094,21.490901734555294,294.6
0,24,7.3958862087113415,6.33047856100746,13.989866385331538,21.522871362048516,296.6
0,25,7.3958862087113415,6.505509230498552,13.989866385331538,21.522871362048516,296.6
0,26,7.3958862087113415,6.755814623202485,13.989866385331538,21.522871362048516,296.6
0,27,7.3958862087113415,7.037241402810561,13.989866385331538,21.522871362048516,296.6
0,28,7.681694147072925,7.279447877220258,13.627442007207483,20.96529539570382,287.5
0,29,7.767184524401091,7.386823226193855,13.514771069367027,20.791955491333887,284.5
0,30,7.888285910907618,7.483740244445856,13.496318518605905,20.763566951701392,284.0
0,31,8.090112637432973,7.693565097178761,13.844315716418203,21.298947256028008,288.40000000000003
0,32,8.333044233326547,7.845467642674781,13.878513442510457,21.35155914232378,290.9
0,33,9.09283391539374,7.929756674185267,13.92024451749701,21.415760796149247,289.15000000000003
0,34,9.09283391539374,8.006117924013493,13.92024451749701,21.415760796149247,289.15000000000003
0,35,9.09883391539374,8.202423176642263,13.92024451749701,21.415760796149247,288.85
0,36,9.282747997990096,8.567197325449051,13.914900887790873,21.407539827370577,286.9
0,37,9.469230919658662,9.00300982570584,13.760386196850584,21.169824918231665,288.9
0,38,9.469230919658662,9.158212239669275,13.760386196850584,21.169824918231665,288.9
0,39,9.469230919658662,9.261826966305756,13.760386196850584,21.169824918231665,288.9
0,40,9.868487898354045,9.40971875843838,13.834992060926098,21.284603170655537,286.75
0,41,9.90499383373163,9.474433311331556,13.768721390721065,21.182648293417024,288.0
0,42,10.055521547085231,9.626540780448073,13.499991106055505,20.76921708623924,284.25
0,43,10.170335910499062,9.858332578432817,13.684825740158502,21.053578061782307,301.35
0,44,10.174461515747144,9.946240229844046,13.353209637032414,20.543399441588324,284.9
0,45,10.174461515747144,10.040173744185728,13.353209637032414,20.543399441588324,284.9
0,46,10.240086397023944,10.087610691019803,13.956214726269073,21.471099578875492,285.9
0,47,10.35481142887945,10.131345166089519,13.600254790167353,20.92346890794977,288.54999999999995
0,48,10.45769053136901,10.205200033896089,13.564838474980437,20.868982269200664,284.79999999999995
0,49,10.46569053136901,10.285847324705422,13.564838474980437,20.868982269200664,284.4
0,50,10.46569053136901,10.404716617133706,13.564838474980437,20.868982269200664,284.4
0,51,10.543329956735374,10.45445054557897,13.855437120103836,21.316057107852053,285.5
0,52,10.581583333995525,10.465406604072266,13.861621011055934,21.325570786239894,284.7
0,53,10.618583333995527,10.486185139358584,13.861621011055934,21.325570786239894,282.84999999999997
0,54,10.621964861030587,10.53006408945703,13.850996116499859,21.30922479461516,282.9
0,55,10.69906289661478,10.58603192740603,13.86320799973798,21.328012307289193,284.59999999999997
0,56,10.729062896614781,10.617302258214032,13.86320799973798,21.328012307289193,283.09999999999997
0,57,10.729062896614781,10.649882203093725,13.86320799973798,21.328012307289193,283.09999999999997
0,58,10.744484849973594,10.699923280979785,13.327463509685805,20.503790014901238,278.9
0,59,10.81198407129672,10.728367280545974,13.831148035685617,21.278689285670175,275.5
1,0,-5.338045423392067,-12.102202863990659,13.412181836120244,20.634125901723454,321.5
1,1,-0.14877467911406583,-8.25686990051304,9.865176570651403,15.177194724079083,292.75
1,2,-0.05687209128322479,-5.924254089232034,12.102720711638003,18.61957032559693,320.05
1,3,-0.05687209128322479,-4.681055367724428,12.102720711638003,18.61957032559693,320.05
1,4,0.7215793905728844,-3.4413233205547726,10.351592809861714,15.925527399787253,293.70000000000005
1,5,2.1976047800842764,-2.223830840258932,11.848100138684131,18.227846367206357,263.75
1,6,2.6803805720861718,-1.194055437218151,11.53183443441021,17.741283745246477,269.15
1,7,2.6803805720861718,-0.2429166592230561,11.53183443441021,17.741283745246477,269.15
1,8,2.9209469028993187,0.13289388539567695,11.789519227801387,18.137721888925213,271.1
1,9,2.9209469028993187,0.5033283641386774,11.789519227801387,18.137721888925213,271.1
1,10,4.5116373639492515,1.0435544391812877,14.052384192487446,21.619052603826844,270.2
1,11,4.5116373639492515,1.504999815662765,14.052384192487446,21.619052603826844,270.2
1,12,4.5116373639492515,2.0117575002839647,14.052384192487446,21.619052603826844,270.2
1,13,4.5116373639492515,2.2042046863987976,14.052384192487446,21.619052603826844,270.2
1,14,4.5116373639492515,2.377744312301954,14.052384192487446,21.619052603826844,270.2
1,15,4.5116373639492515,2.51972090712405,14.052384192487446,21.619052603826844,270.2
1,16,4.5116373639492515,2.6592050158851204,14.052384192487446,21.619052603826844,270.2
1,17,4.5116373639492515,2.79029514896195,14.052384192487446,21.619052603826844,270.2
1,18,5.16816426135617,2.868471933869233,13.17874373815623,20.274990366394203,270.75
1,19,5.16816426135617,2.9392487210474845,13.17874373815623,20.274990366394203,270.75
1,20,5.16816426135617,3.0282664200680727,13.17874373815623,20.274990366394203,270.75
1,21,5.16816426135617,3.17486931245691,13.17874373815623,20.274990366394203,270.75
1,22,5.16816426135617,3.280185644153621,13.17874373815623,20.274990366394203,270.75
1,23,5.16816426135617,3.51966271411815,13.17874373815623,20.274990366394203,270.75
1,24,5.16816426135617,3.687118038654985,13.17874373815623,20.274990366394203,270.75
1,25,5.16816426135617,3.8689793670767916,13.17874373815623,20.274990366394203,270.75
1,26,5.16816426135617,4.262004009447,13.17874373815623,20.274990366394203,270.75
1,27,5.16816426135617,4.597499148197862,13.17874373815623,20.274990366394203,270.75
1,28,5.16816426135617,4.839900812652716,13.17874373815623,20.274990366394203,270.75
1,29,5.16816426135617,4.918684040341548,13.17874373815623,20.274990366394203,270.75
1,30,5.16816426135617,4.958075654185964,13.17874373815623,20.274990366394203,270.75
1,31,5.16816426135617,5.023728343926657,13.17874373815623,20.274990366394203,270.75
1,32,6.027292384536635,5.150494466691709,13.89442759628886,21.37604245582902,274.1
1,33,6.027292384536635,5.176755542587987,13.89442759628886,21.37604245582902,274.1
1,34,6.027292384536635,5.193938105051597,13.89442759628886,21.37604245582902,274.1
1,35,6.027292384536635,5.193938105051597,13.89442759628886,21.37604245582902,274.1
1,36,6.027292384536635,5.202529386283401,13.89442759628886,21.37604245582902,274.1
1,37,6.027292384536635,5.228303229978815,13.89442759628886,21.37604245582902,274.1
1,38,6.027292384536635,5.262668354906034,13.89442759628886,21.37604245582902,274.1
1,39,6.027292384536635,5.314216042296862,13.89442759628886,21.37604245582902,274.1
1,40,6.027292384536635,5.314216042296862,13.89442759628886,21.37604245582902,274.1
1,41,6.027292384536635,5.382946292151299,13.89442759628886,21.37604245582902,274.1
1,42,6.027292384536635,5.460267823237541,13.89442759628886,21.37604245582902,274.1
1,43,6.027292384536635,5.563363198019195,13.89442759628886,21.37604245582902,274.1
1,44,6.027292384536635,5.769553947582497,13.89442759628886,21.37604245582902,274.1
1,45,6.027292384536635,5.881240603595952,13.89442759628886,21.37604245582902,274.1
1,46,6.027292384536635,5.988109445055791,13.89442759628886,21.37604245582902,274.1
1,47,6.027292384536635,6.027292384536626,13.89442759628886,21.37604245582902,274.1
1,48,6.027292384536635,6.027292384536626,13.89442759628886,21.37604245582902,274.1
1,49,6.027292384536635,6.027292384536626,13.89442759628886,21.37604245582902,274.1
1,50,6.027292384536635,6.027292384536626,13.89442759628886,21.37604245582902,274.1
1,51,6.027292384536635,6.027292384536626,13.89442759628886,21.37604245582902,274.1
1,52,6.027292384536635,6.027292384536626,13.89442759628886,21.37604245582902,274.1
1,53,6.027292384536635,6.027292384536626,13.89442759628886,21.37604245582902,274.1
1,54,6.027292384536635,6.027292384536626,13.89442759628886,21.37604245582902,274.1
1,55,6.027292384536635,6.027292384536626,13.89442759628886,21.37604245582902,274.1
1,56,6.027292384536635,6.027292384536626,13.89442759628886,21.37604245582902,274.1
1,57,6.027292384536635,6.027292384536626,13.89442759628886,21.37604245582902,274.1
1,58,6.027292384536635,6.027292384536626,13.89442759628886,21.37604245582902,274.1
1,59,6.027292384536635,6.027292384536626,13.89442759628886,21.37604245582902,274.1
2,0,-2.8990870953885954,-11.435303888066194,15.107715523695063,23.242639267223176,296.90000000000003
2,1,1.944703621968742,-7.37573152329114,13.2931115776112,20.450940888632616,295.85
2,2,1.944703621968742,-4.4036662685224295,13.2931115776112,20.450940888632616,295.85
2,3,3.3866563535396246,-2.2150230724405855,16.256983278005904,25.010743504624465,297.1
2,4,4.56627779507109,-0.21626905972682195,13.946974676946487,21.456884118379207,289.40000000000003
2,5,4.56627779507109,0.7855621178577528,13.946974676946487,21.456884118379207,289.40000000000003
2,6,4.56627779507109,1.4759694739236098,13.946974676946487,21.456884118379207,289.40000000000003
2,7,4.56627779507109,2.1904012224306038,13.946974676946487,21.456884118379207,289.40000000000003
2,8,4.56627779507109,2.7425451869541417,13.946974676946487,21.456884118379207,289.40000000000003
2,9,4.56627779507109,3.0786113211456736,13.946974676946487,21.456884118379207,289.40000000000003
2,10,4.56627779507109,3.3209372276498446,13.946974676946487,21.456884118379207,289.40000000000003
2,11,4.56627779507109,3.6065729270895077,13.946974676946487,21.456884118379207,289.40000000000003
2,12,4.56627779507109,3.799629046635643,13.946974676946487,21.456884118379207,289.40000000000003
2,13,4.56627779507109,4.061897828980128,13.946974676946487,21.456884118379207,289.40000000000003
2,14,4.56627779507109,4.207827299856661,13.946974676946487,21.456884118379207,289.40000000000003
2,15,4.56627779507109,4.42396719165645,13.946974676946487,21.456884118379207,289.40000000000003
2,16,4.56627779507109,4.566277795071086,13.946974676946487,21.456884118379207,289.40000000000003
2,17,4.56627779507109,4.566277795071086,13.946974676946487,21.456884118379207,289.40000000000003
2,18,4.56627779507109,4.566277795071086,13.946974676946487,21.456884118379207,289.40000000000003
2,19,4.56627779507109,4.566277795071086,13.946974676946487,21.456884118379207,289.40000000000003
2,20,5.92957567925783,4.587895086160448,15.089988498318334,23.215366920489743,299.55
2,21,5.92957567925783,4.59575727204628,15.089988498318334,23.215366920489743,299.55
2,22,5.92957567925783,4.59575727204628,15.089988498318334,23.215366920489743,299.55
2,23,5.92957567925783,4.6172524367739785,15.089988498318334,23.215366920489743,299.55
2,24,5.92957567925783,4.630885415615846,15.089988498318334,23.215366920489743,299.55
2,25,5.92957567925783,4.644518394457713,15.089988498318334,23.215366920489743,299.55
2,26,5.92957567925783,4.722881120206005,15.089988498318334,23.215366920489743,299.55
2,27,5.92957567925783,4.824952529973455,15.089988498318334,23.215366920489743,299.55
2,28,5.92957567925783,4.98155585510837,15.089988498318334,23.215366920489743,299.55
2,29,5.92957567925783,5.100817517382264,15.089988498318334,23.215366920489743,299.55
2,30,5.92957567925783,5.237147305800942,15.089988498318334,23.215366920489743,299.55
2,31,5.92957567925783,5.356408968074841,15.089988498318334,23.215366920489743,299.55
2,32,5.92957567925783,5.582398815430552,15.089988498318334,23.215366920489743,299.55
2,33,5.92957567925783,5.804450129649997,15.089988498318334,23.215366920489743,299.55
2,34,5.92957567925783,5.929575679257824,15.089988498318334,23.215366920489743,299.55
2,35,5.92957567925783,5.929575679257824,15.089988498318334,23.215366920489743,299.55
2,36,5.92957567925783,5.929575679257824,15.089988498318334,23.215366920489743,299.55
2,37,5.92957567925783,5.929575679257824,15.089988498318334,23.215366920489743,299.55
2,38,5.92957567925783,5.929575679257824,15.089988498318334,23.215366920489743,299.55
2,39,5.92957567925783,5.929575679257824,15.089988498318334,23.215366920489743,299.55
2,40,5.92957567925783,5.929575679257824,15.089988498318334,23.215366920489743,299.55
2,41,5.92957567925783,5.929575679257824,15.089988498318334,23.215366920489743,299.55
2,42,5.92957567925783,5.929575679257824,15.089988498318334,23.215366920489743,299.55
2,43,5.92957567925783,5.929575679257824,15.089988498318334,23.215366920489743,299.55
2,44,5.92957567925783,5.929575679257824,15.089988498318334,23.215366920489743,299.55
2,45,5.92957567925783,5.929575679257824,15.089988498318334,23.215366920489743,299.55
2,46,5.92957567925783,5.929575679257824,15.089988498318334,23.215366920489743,299.55
2,47,5.92957567925783,5.929575679257824,15.089988498318334,23.215366920489743,299.55
2,48,5.92957567925783,5.929575679257824,15.089988498318334,23.215366920489743,299.55
2,49,5.92957567925783,5.929575679257824,15.089988498318334,23.215366920489743,299.55
2,50,5.92957567925783,5.929575679257824,15.089988498318334,23.215366920489743,299.55
2,51,5.92957567925783,5.929575679257824,15.089988498318334,23.215366920489743,299.55
2,52,5.92957567925783,5.929575679257824,15.089988498318334,23.215366920489743,299.55
2,53,5.92957567925783,5.929575679257824,15.089988498318334,23.215366920489743,299.55
2,54,5.92957567925783,5.929575679257824,15.089988498318334,23.215366920489743,299.55
2,55,5.92957567925783,5.929575679257824,15.089988498318334,23.215366920489743,299.55
2,56,5.92957567925783,5.929575679257824,15.089988498318334,23.215366920489743,299.55
2,57,5.92957567925783,5.929575679257824,15.089988498318334,23.215366920489743,299.55
2,58,5.92957567925783,5.929575679257824,15.089988498318334,23.215366920489743,299.55
2,59,5.92957567925783,5.929575679257824,15.089988498318334,23.215366920489743,299.55
3,0,-1.7354733728447949,-11.527248547522843,14.305357491839471,22.008242295137645,286.5
3,1,-1.7354733728447949,-7.983960861112129,14.305357491839471,22.008242295137645,286.5
3,2,-1.7354733728447949,-5.557808876585494,14.305357491839471,22.008242295137645,286.5
3,3,0.5310516823618272,-3.649836465446295,11.200165532571436,17.231023896263753,272.55
3,4,0.5310516823618272,-2.334353908338613,11.200165532571436,17.231023896263753,272.55
3,5,0.5310516823618272,-1.266572664965875,11.200165532571436,17.231023896263753,272.55
3,6,0.5310516823618272,-0.36614262547940335,11.200165532571436,17.231023896263753,272.55
3,7,2.783653236993427,0.011669377797215361,10.841299780701247,16.678922739540383,268.6
3,8,2.783653236993427,0.378281947872624,10.841299780701247,16.678922739540383,268.6
3,9,2.8546027861956738,1.322870930570323,10.834630631373928,16.668662509806044,263.55
3,10,2.9125950872999216,2.5290704766418064,10.691272622633674,16.44811172712873,269.95
3,11,3.068322940996895,2.794394417151478,11.040937956662981,16.986058394866127,271.55
3,12,3.82199736210063,2.882102081303543,11.052512250427265,17.003865000657335,270.05
3,13,4.291948836644037,3.0337103194203876,10.864047030998286,16.713918509228133,262.5
3,14,4.291948836644037,3.2320036987401495,10.864047030998286,16.713918509228133,262.5
3,15,5.085209583389703,3.6421932478044248,11.261955497016444,17.326085380025305,267.05
3,16,5.085209583389703,4.179563669228698,11.261955497016444,17.326085380025305,267.05
3,17,5.275844420245257,4.541157653202979,10.91240599885877,16.788316921321183,265.45
3,18,5.275844420245257,4.964679136026351,10.91240599885877,16.788316921321183,265.45
3,19,5.275844420245257,5.097083441898004,10.91240599885877,16.788316921321183,265.45
3,20,5.310498154895173,5.120646435799913,10.907768819315315,16.781182798946634,263.0
3,21,5.635680034547226,5.187037118197674,11.521801927728502,17.725849119582314,281.8
3,22,5.635680034547226,5.306836785791048,11.521801927728502,17.725849119582314,281.8
3,23,5.652753629872343,5.347507194489906,11.514314794582033,17.71433045320313,280.3
3,24,6.04482647044544,5.435335955410255,11.550142466305852,17.76944994816285,278.5
3,25,6.04482647044544,5.617014081598672,11.550142466305852,17.76944994816285,278.5
3,26,6.04482647044544,5.686531056521912,11.550142466305852,17.76944994816285,278.5
3,27,6.081216285594282,5.767926269837364,11.543288048636548,17.758904690210073,276.4
3,28,6.2100728353319585,5.923444183103057,11.505085466062498,17.70013148625,271.5
3,29,6.234324126325073,6.06162798154057,11.498823334791503,17.69049743814078,273.0
3,30,6.259046929216762,6.096409722714797,11.500680944212549,17.69335529878854,270.54999999999995
3,31,6.265046929216761,6.156102983097236,11.500680944212549,17.69335529878854,270.25
3,32,6.274799306265117,6.224747156463753,11.482695072482704,17.66568472689647,270.25
3,33,6.511148925766224,6.254145081574832,11.645192343129903,17.915680527892167,282.35
3,34,6.511148925766224,6.267245826778901,11.645192343129903,17.915680527892167,282.35
3,35,6.511148925766224,6.272634075264178,11.645192343129903,17.915680527892167,282.35
3,36,6.511148925766224,6.279061450450439,11.645192343129903,17.915680527892167,282.35
3,37,6.511148925766224,6.284829686099825,11.645192343129903,17.915680527892167,282.35
3,38,6.511148925766224,6.292492035867655,11.645192343129903,17.915680527892167,282.35
3,39,6.511148925766224,6.302261905612077,11.645192343129903,17.915680527892167,282.35
3,40,6.804475362610095,6.312579429118483,11.867046539343729,18.256994675913433,281.3
3,41,6.804475362610095,6.326442920789506,11.867046539343729,18.256994675913433,281.3
3,42,7.11287967088622,6.3739056231694065,11.8252418679002,18.192679796769543,282.2
3,43,7.11287967088622,6.442703644361876,11.8252418679002,18.192679796769543,282.2
3,44,7.11287967088622,6.550149554022703,11.8252418679002,18.192679796769543,282.2
3,45,7.11287967088622,6.620255568756072,11.8252418679002,18.192679796769543,282.2
3,46,7.117567002663595,6.77077177300827,11.985505351679079,18.4392390025832,283.59999999999997
3,47,7.117567002663595,6.794751465675375,11.985505351679079,18.4392390025832,283.59999999999997
3,48,7.117567002663595,6.816817196660934,11.985505351679079,18.4392390025832,283.59999999999997
3,49,7.117567002663595,6.847350863935119,11.985505351679079,18.4392390025832,283.59999999999997
3,50,7.117567002663595,6.885385822556977,11.985505351679079,18.4392390025832,283.59999999999997
3,51,7.117567002663595,6.9252324137330925,11.985505351679079,18.4392390025832,283.59999999999997
3,52,7.117567002663595,6.9636968916920186,11.985505351679079,18.4392390025832,283.59999999999997
3,53,7.117567002663595,6.9977427300973885,11.985505351679079,18.4392390025832,283.59999999999997
3,54,7.117567002663595,7.027087293416729,11.985505351679079,18.4392390025832,283.59999999999997
3,55,7.117567002663595,7.041314670194248,11.985505351679079,18.4392390025832,283.59999999999997
3,56,7.117567002663595,7.076869179693297,11.985505351679079,18.4392390025832,283.59999999999997
3,57,7.117567002663595,7.0970250618481625,11.985505351679079,18.4392390025832,283.59999999999997
3,58,7.179851157145513,7.112428009902657,11.872146290966908,18.2648404476414,279.2
3,59,7.179851157145513,7.1174075205303255,11.872146290966908,18.2648404476414,279.2
4,0,1.0435730140186426,-10.679248439946866,12.489358726150417,19.21439804023141,312.55000000000007
4,1,1.6167148247228003,-6.980547919337861,11.571886070073518,17.80290164626695,299.65
4,2,2.385755425936331,-4.191108060998746,12.054730724546099,18.54573957622477,292.25
4,3,2.385755425936331,-2.509109751932767,12.054730724546099,18.54573957622477,292.25
4,4,2.385755425936331,-1.1690362631935607,12.054730724546099,18.54573957622477,292.25
4,5,2.461730882075429,-0.32221890604666503,11.305515272410728,17.39310041909343,298.2
4,6,2.735095822061547,0.43838087976453294,11.180560137108198,17.200861749397237,277.15000000000003
4,7,2.735095822061547,1.188945088778819,11.180560137108198,17.200861749397237,277.15000000000003
4,8,3.2837836746114952,1.7880334967096254,14.423790805919682,22.190447393722586,305.5
4,9,3.564985092918361,2.1759444308694653,14.105303982627216,21.700467665580334,307.0
4,10,4.026861252938817,2.410003194819133,11.412576367948994,17.557809796844605,295.85
4,11,4.994111023744264,2.714648482989288,11.539144436522975,17.75252990234303,287.45
4,12,4.994111023744264,2.950563156228908,11.539144436522975,17.75252990234303,287.45
4,13,4.994111023744264,3.147941901124925,11.539144436522975,17.75252990234303,287.45
4,14,6.006141170280229,3.4035956902352336,10.41938622987998,16.02982496904612,280.85
4,15,6.006141170280229,3.8096376967508125,10.41938622987998,16.02982496904612,280.85
4,16,7.297442185456691,4.278340086819954,11.514176642351279,17.714117911309657,279.4
4,17,7.297442185456691,4.7579170036777665,11.514176642351279,17.714117911309657,279.4
4,18,7.297442185456691,5.332244102131801,11.514176642351279,17.714117911309657,279.4
4,19,7.297442185456691,5.617691965452349,11.514176642351279,17.714117911309657,279.4
4,20,7.297442185456691,5.936932240130889,11.514176642351279,17.714117911309657,279.4
4,21,7.297442185456691,6.081950581329713,11.514176642351279,17.714117911309657,279.4
4,22,7.297442185456691,6.348438151065356,11.514176642351279,17.714117911309657,279.4
4,23,7.333461756252188,6.45660982281765,11.45366414592571,17.621021762962627,276.75
4,24,7.333461756252188,6.662385872038971,11.45366414592571,17.621021762962627,276.75
4,25,7.333461756252188,6.80062806907061,11.45366414592571,17.621021762962627,276.75
4,26,7.333461756252188,6.883465335204344,11.45366414592571,17.621021762962627,276.75
4,27,7.333461756252188,7.0941962729451715,11.45366414592571,17.621021762962627,276.75
4,28,7.333461756252188,7.267390456465075,11.45366414592571,17.621021762962627,276.75
4,29,7.333461756252188,7.303162962734689,11.45366414592571,17.621021762962627,276.75
4,30,7.333461756252188,7.307167469571483,11.45366414592571,17.621021762962627,276.75
4,31,7.333461756252188,7.311850013774895,11.45366414592571,17.621021762962627,276.75
4,32,7.356338215143348,7.318922496814946,11.612907557571944,17.866011627033753,277.15
4,33,7.356338215143348,7.323414663446285,11.612907557571944,17.866011627033753,277.15
4,34,7.356338215143348,7.332398996708964,11.612907557571944,17.866011627033753,277.15
4,35,7.356338215143348,7.3347683761094125,11.612907557571944,17.866011627033753,277.15
4,36,7.356338215143348,7.335166958834207,11.612907557571944,17.866011627033753,277.15
4,37,7.356338215143348,7.336362707008587,11.612907557571944,17.866011627033753,277.15
4,38,7.356338215143348,7.337228247947792,11.612907557571944,17.866011627033753,277.15
4,39,7.356338215143348,7.339332033254614,11.612907557571944,17.866011627033753,277.15
4,40,7.356338215143348,7.341723529603379,11.612907557571944,17.866011627033753,277.15
4,41,7.356338215143348,7.344402736994088,11.612907557571944,17.866011627033753,277.15
4,42,7.356338215143348,7.34782718460456,11.612907557571944,17.866011627033753,277.15
4,43,7.356338215143348,7.350794103037207,11.612907557571944,17.866011627033753,277.15
4,44,7.356338215143348,7.354098249928239,11.612907557571944,17.866011627033753,277.15
4,45,7.356338215143348,7.355100339629732,11.612907557571944,17.866011627033753,277.15
4,46,7.356338215143348,7.356282646638484,11.612907557571944,17.866011627033753,277.15
4,47,7.356338215143348,7.356338215143335,11.612907557571944,17.866011627033753,277.15
4,48,7.356338215143348,7.356338215143335,11.612907557571944,17.866011627033753,277.15
4,49,7.356338215143348,7.356338215143335,11.612907557571944,17.866011627033753,277.15
4,50,7.356338215143348,7.356338215143335,11.612907557571944,17.866011627033753,277.15
4,51,7.356338215143348,7.356338215143335,11.612907557571944,17.866011627033753,277.15
4,52,7.356338215143348,7.356338215143335,11.612907557571944,17.866011627033753,277.15
4,53,7.356338215143348,7.356338215143335,11.612907557571944,17.866011627033753,277.15
4,54,7.356338215143348,7.356338215143335,11.612907557571944,17.866011627033753,277.15
4,55,7.3583382151433465,7.356358215143334,11.612907557571944,17.866011627033753,277.05
4,56,7.3583382151433465,7.356358215143334,11.612907557571944,17.866011627033753,277.05
4,57,7.3583382151433465,7.356358215143334,11.612907557571944,17.866011627033753,277.05
4,58,7.3583382151433465,7.356398215143335,11.612907557571944,17.866011627033753,277.05
4,59,7.3583382151433465,7.356418215143335,11.612907557571944,17.866011627033753,277.05
0,0,15.475599686791089,1.9981419500897013,16.75443156920726,25.776048568011177,320.74999999999994
0,1,15.475599686791089,6.879808216293484,16.75443156920726,25.776048568011177,320.74999999999994
0,2,18.9551156557327,11.131682307649204,16.883976743353674,25.97534883592873,329.7
0,3,20.574758278006314,14.13297005204001,13.715812219848292,21.101249568997382,331.45
0,4,22.200972237486443,17.481814462417127,16.573369167559683,25.4974910270149,334.59999999999997
0,5,25.54753588838302,19.856019622157106,16.271243612775134,25.032682481192516,340.65
0,6,26.964525292140472,21.903705785655397,15.528399314732164,23.889845099587948,339.34999999999997
0,7,27.58192666722366,24.086153475024776,15.810562061964731,24.323941633791897,347.44999999999993
0,8,28.324462275588928,25.976120657048728,15.692548979897598,24.14238304599631,341.15
0,9,28.324462275588928,26.940490298618055,15.692548979897598,24.14238304599631,341.15
0,10,28.324462275588928,27.59740719412267,15.692548979897598,24.14238304599631,341.15
0,11,28.339630442285966,28.070354187197463,15.700699097317214,24.154921688180334,344.25
0,12,28.561902426195196,28.232754361757564,15.773546420611055,24.26699449324778,346.79999999999995
0,13,28.72151312712174,28.363716164675534,14.927017041580582,22.964641602431676,335.4
0,14,28.799169340520194,28.44201430564657,15.904177817845625,24.467965873608655,344.15
0,15,28.981084397876053,28.61334219057499,16.212947001644494,24.94299538714538,351.1
0,16,29.67757613420034,28.72843241123925,15.352705519390458,23.619546952908404,344.7
0,17,29.92177794666167,28.931361583579914,15.388949142609608,23.675306373245554,345.05
0,18,30.486246137419315,29.15650401879873,16.48580812209687,25.36278172630289,352.3
0,19,30.486246137419315,29.480315051591738,16.48580812209687,25.36278172630289,352.3
0,20,30.724531907946712,29.957478575802654,16.497750544063233,25.38115468317421,352.1
0,21,31.132690405437096,30.250835665722516,16.886675889935695,25.979501369131835,355.70000000000005
0,22,31.132690405437096,30.607111252126806,16.886675889935695,25.979501369131835,355.70000000000005
0,23,31.292832783594285,30.81758066409424,16.367271760412503,25.180418092942315,354.09999999999997
0,24,31.630069400051468,30.984793466539198,16.966369116413812,26.10210633294433,357.90000000000003
0,25,31.715086697289223,31.1831311128899,16.897058855159454,25.995475161783773,356.5
0,26,31.743002709921136,31.390435745345034,17.00718987840827,26.16490750524349,358.3
0,27,33.51083243408824,31.61833622007794,28.197502226310178,43.38077265586181,406.90000000000003
0,28,33.51083243408824,31.716276516340407,28.197502226310178,43.38077265586181,406.90000000000003
0,29,33.51083243408824,31.775864868479115,28.197502226310178,43.38077265586181,406.90000000000003
0,30,33.51083243408824,31.82711598151606,28.197502226310178,43.38077265586181,406.90000000000003
0,31,35.282296337847995,31.96193670202059,29.952466592026937,46.0807178338876,409.65
0,32,35.282296337847995,32.17425120942269,29.952466592026937,46.0807178338876,409.65
0,33,35.282296337847995,32.49446065624327,29.952466592026937,46.0807178338876,409.65
0,34,35.282296337847995,32.66034705025325,29.952466592026937,46.0807178338876,409.65
0,35,35.282296337847995,32.93471781667186,29.952466592026937,46.0807178338876,409.65
0,36,35.282296337847995,33.34979828266346,29.952466592026937,46.0807178338876,409.65
0,37,35.282296337847995,33.67332859315553,29.952466592026937,46.0807178338876,409.65
0,38,39.017424244070114,33.94067238656934,32.67074746950689,50.26268841462599,418.90000000000003
0,39,39.017424244070114,34.24049968489149,32.67074746950689,50.26268841462599,418.90000000000003
0,40,39.017424244070114,34.42919739955284,32.67074746950689,50.26268841462599,418.90000000000003
0,41,39.017424244070114,34.59606811028832,32.67074746950689,50.26268841462599,418.90000000000003
0,42,39.017424244070114,34.88266523581483,32.67074746950689,50.26268841462599,418.90000000000003
0,43,39.017424244070114,35.0981625164691,32.67074746950689,50.26268841462599,418.90000000000003
0,44,39.017424244070114,35.44413992635151,32.67074746950689,50.26268841462599,418.90000000000003
0,45,39.017424244070114,35.66217283077768,32.67074746950689,50.26268841462599,418.90000000000003
0,46,39.017424244070114,35.814655753797766,32.67074746950689,50.26268841462599,418.90000000000003
0,47,39.017424244070114,36.37127465541362,32.67074746950689,50.26268841462599,418.90000000000003
0,48,39.017424244070114,36.740313220290474,32.67074746950689,50.26268841462599,418.90000000000003
0,49,39.017424244070114,36.922775414421,32.67074746950689,50.26268841462599,418.90000000000003
0,50,39.017424244070114,37.64722629959832,32.67074746950689,50.26268841462599,418.90000000000003
0,51,39.017424244070114,38.161133187052336,32.67074746950689,50.26268841462599,418.90000000000003
0,52,39.017424244070114,38.49492994424474,32.67074746950689,50.26268841462599,418.90000000000003
0,53,39.017424244070114,38.85884807786784,32.67074746950689,50.26268841462599,418.90000000000003
0,54,39.017424244070114,39.017424244070185,32.67074746950689,50.26268841462599,418.90000000000003
0,55,39.017424244070114,39.017424244070185,32.67074746950689,50.26268841462599,418.90000000000003
0,56,39.017424244070114,39.017424244070185,32.67074746950689,50.26268841462599,418.90000000000003
0,57,39.017424244070114,39.017424244070185,32.67074746950689,50.26268841462599,418.90000000000003
0,58,39.017424244070114,39.017424244070185,32.67074746950689,50.26268841462599,418.90000000000003
0,59,39.017424244070114,39.017424244070185,32.67074746950689,50.26268841462599,418.90000000000003
1,0,16.323552129042767,2.237602189401411,17.101969253795243,26.31072192891576,342.55
1,1,18.119650916150423,8.41801651431476,14.4868562609659,22.28747117071677,325.95000000000005
1,2,23.358844620459102,12.477913598914416,14.496040345827469,22.30160053204226,341.65
1,3,25.928224280287914,16.580651027448933,14.863676889724285,22.867195214960446,363.20000000000005
1,4,27.266172181351926,20.882035746533514,26.474472771224494,40.729958109576145,394.99999999999994
1,5,27.266172181351926,24.13950460035738,26.474472771224494,40.729958109576145,394.99999999999994
1,6,27.266172181351926,25.4903797578055,26.474472771224494,40.729958109576145,394.99999999999994
1,7,28.04244792081033,26.339204295472904,26.928746091960015,41.42884014147695,428.25
1,8,28.04244792081033,26.397949656661844,26.928746091960015,41.42884014147695,428.25
1,9,28.04244792081033,26.55874082407195,26.928746091960015,41.42884014147695,428.25
1,10,28.04244792081033,26.684922061129544,26.928746091960015,41.42884014147695,428.25
1,11,28.04244792081033,26.851622007803122,26.928746091960015,41.42884014147695,428.25
1,12,31.077442613768,27.20115325399118,30.897725545554927,47.534962377776814,407.94999999999993
1,13,31.077442613768,27.46533266013128,30.897725545554927,47.534962377776814,407.94999999999993
1,14,31.077442613768,27.568499941160006,30.897725545554927,47.534962377776814,407.94999999999993
1,15,31.077442613768,27.666294180421666,30.897725545554927,47.534962377776814,407.94999999999993
1,16,31.077442613768,27.81799509868275,30.897725545554927,47.534962377776814,407.94999999999993
1,17,31.077442613768,27.95460312491732,30.897725545554927,47.534962377776814,407.94999999999993
1,18,31.077442613768,28.130201104046733,30.897725545554927,47.534962377776814,407.94999999999993
1,19,31.077442613768,28.322835036660102,30.897725545554927,47.534962377776814,407.94999999999993
1,20,31.077442613768,28.39457830991209,30.897725545554927,47.534962377776814,407.94999999999993
1,21,31.077442613768,28.470094796625485,30.897725545554927,47.534962377776814,407.94999999999993
1,22,31.641704666695627,28.63916925675437,27.660406891960015,42.55447214147695,420.95
1,23,31.790372705053443,29.000029708605098,33.56849823461799,51.643843437873834,429.84999999999997
1,24,34.1413511743981,29.446126591302473,31.299470520561062,48.15303157009396,429.05000000000007
1,25,34.1413511743981,29.788654551410282,31.299470520561062,48.15303157009396,429.05000000000007
1,26,34.1413511743981,30.43897597182295,31.299470520561062,48.15303157009396,429.05000000000007
1,27,34.1413511743981,30.842110996536874,31.299470520561062,48.15303157009396,429.05000000000007
1,28,34.1413511743981,31.021914226303743,31.299470520561062,48.15303157009396,429.05000000000007
1,29,34.1413511743981,31.215678245861504,31.299470520561062,48.15303157009396,429.05000000000007
1,30,36.575977885022965,31.429166477493805,35.50777930128465,54.62735277120717,434.04999999999995
1,31,36.575977885022965,31.62518801505588,35.50777930128465,54.62735277120717,434.04999999999995
1,32,36.575977885022965,31.686378362504414,35.50777930128465,54.62735277120717,434.04999999999995
1,33,36.575977885022965,31.83466223652093,35.50777930128465,54.62735277120717,434.04999999999995
1,34,36.575977885022965,32.000983665416065,35.50777930128465,54.62735277120717,434.04999999999995
1,35,36.575977885022965,32.27055741198248,35.50777930128465,54.62735277120717,434.04999999999995
1,36,36.575977885022965,32.935178756681694,35.50777930128465,54.62735277120717,434.04999999999995
1,37,36.575977885022965,33.34608619857758,35.50777930128465,54.62735277120717,434.04999999999995
1,38,36.575977885022965,33.7457218756919,35.50777930128465,54.62735277120717,434.04999999999995
1,39,36.575977885022965,34.245024516665346,35.50777930128465,54.62735277120717,434.04999999999995
1,40,36.575977885022965,35.25656977742827,35.50777930128465,54.62735277120717,434.04999999999995
1,41,36.575977885022965,35.6020653775293,35.50777930128465,54.62735277120717,434.04999999999995
1,42,36.575977885022965,35.96803402755861,35.50777930128465,54.62735277120717,434.04999999999995
1,43,36.575977885022965,36.284535499939835,35.50777930128465,54.62735277120717,434.04999999999995
1,44,36.575977885022965,36.57597788502292,35.50777930128465,54.62735277120717,434.04999999999995
1,45,36.575977885022965,36.57597788502292,35.50777930128465,54.62735277120717,434.04999999999995
1,46,36.575977885022965,36.57597788502292,35.50777930128465,54.62735277120717,434.04999999999995
1,47,36.575977885022965,36.57597788502292,35.50777930128465,54.62735277120717,434.04999999999995
1,48,36.575977885022965,36.57597788502292,35.50777930128465,54.62735277120717,434.04999999999995
1,49,36.575977885022965,36.57597788502292,35.50777930128465,54.62735277120717,434.04999999999995
1,50,36.575977885022965,36.57597788502292,35.50777930128465,54.62735277120717,434.04999999999995
1,51,36.575977885022965,36.57597788502292,35.50777930128465,54.62735277120717,434.04999999999995
1,52,36.575977885022965,36.57597788502292,35.50777930128465,54.62735277120717,434.04999999999995
1,53,36.575977885022965,36.57597788502292,35.50777930128465,54.62735277120717,434.04999999999995
1,54,36.575977885022965,36.57597788502292,35.50777930128465,54.62735277120717,434.04999999999995
1,55,36.575977885022965,36.57597788502292,35.50777930128465,54.62735277120717,434.04999999999995
1,56,36.575977885022965,36.57597788502292,35.50777930128465,54.62735277120717,434.04999999999995
1,57,36.575977885022965,36.57597788502292,35.50777930128465,54.62735277120717,434.04999999999995
1,58,36.575977885022965,36.57597788502292,35.50777930128465,54.62735277120717,434.04999999999995
1,59,36.575977885022965,36.57597788502292,35.50777930128465,54.62735277120717,434.04999999999995
2,0,12.814655215837933,0.9261068741991931,11.5607746917707,17.785807218108765,304.25
2,1,18.588180831614164,7.114948705695451,11.998270777229848,18.45887811881515,314.25
2,2,20.32492374311505,11.514109822737803,13.225264345402557,20.346560531388548,324.5
2,3,20.88248495580378,14.344210226749453,14.730511211965105,22.662324941484783,320.15000000000003
2,4,24.034444752321058,17.397044570269724,14.721816923232268,22.64894911266503,342.85
2,5,25.338981510184116,19.98527763311673,15.10980411526164,23.245852485017913,333.75000000000006
2,6,26.834072642892085,22.459668655502945,14.62566764609741,22.50102714784218,346.05
2,7,28.321622197603393,24.615207587253884,14.991537097448166,23.063903226843344,346.34999999999997
2,8,28.321622197603393,25.97199422968617,14.991537097448166,23.063903226843344,346.34999999999997
2,9,28.556107111448135,27.17784710677444,15.491745838365366,23.83345513594672,348.09999999999997
2,10,28.556107111448135,27.96527842469336,15.491745838365366,23.83345513594672,348.09999999999997
2,11,28.585474240365823,28.34550414185058,15.146390906219834,23.302139855722828,347.05
2,12,29.512522965466836,28.427752340028245,15.133241526788824,23.281910041213578,351.15
2,13,30.21444292345658,28.650681275738606,30.23122848152036,46.509582279262105,390.3
2,14,30.21444292345658,28.885562336485112,30.23122848152036,46.509582279262105,390.3
2,15,30.21444292345658,29.40330094402044,30.23122848152036,46.509582279262105,390.3
2,16,30.21444292345658,29.833909533208445,30.23122848152036,46.509582279262105,390.3
2,17,30.216383074208746,29.900433058015206,15.324898637821354,23.57676713510978,348.15
2,18,30.216383074208746,29.949960610612806,15.324898637821354,23.57676713510978,348.15
2,19,30.216383074208746,30.071045995341695,15.324898637821354,23.57676713510978,348.15
2,20,32.08792293508096,30.179453015269218,24.57004172922129,37.800064198802,397.25
2,21,32.08792293508096,30.26665088759665,24.57004172922129,37.800064198802,397.25
2,22,32.08792293508096,30.333055793866084,24.57004172922129,37.800064198802,397.25
2,23,32.08792293508096,30.43978006285165,24.57004172922129,37.800064198802,397.25
2,24,32.08792293508096,30.62251456994613,24.57004172922129,37.800064198802,397.25
2,25,32.08792293508096,30.81724938035206,24.57004172922129,37.800064198802,397.25
2,26,32.08792293508096,31.026445786552316,24.57004172922129,37.800064198802,397.25
2,27,32.08792293508096,31.157214927975378,24.57004172922129,37.800064198802,397.25
2,28,32.08792293508096,31.248656319958453,24.57004172922129,37.800064198802,397.25
2,29,32.08792293508096,31.376382257031338,24.57004172922129,37.800064198802,397.25
2,30,32.08792293508096,31.631640413983064,24.57004172922129,37.800064198802,397.25
2,31,32.08792293508096,31.772105346378453,24.57004172922129,37.800064198802,397.25
2,32,32.08792293508096,32.00676690188276,24.57004172922129,37.800064198802,397.25
2,33,32.08792293508096,32.087922935080904,24.57004172922129,37.800064198802,397.25
2,34,32.08792293508096,32.087922935080904,24.57004172922129,37.800064198802,397.25
2,35,32.08792293508096,32.087922935080904,24.57004172922129,37.800064198802,397.25
2,36,32.08792293508096,32.087922935080904,24.57004172922129,37.800064198802,397.25
2,37,32.08792293508096,32.087922935080904,24.57004172922129,37.800064198802,397.25
2,38,37.5524360558298,32.1425680662884,33.19640492922129,51.071392198802,406.6
2,39,37.5524360558298,32.197213197495884,33.19640492922129,51.071392198802,406.6
2,40,37.5524360558298,32.256518811723325,33.19640492922129,51.071392198802,406.6
2,41,37.5524360558298,32.42511468836574,33.19640492922129,51.071392198802,406.6
2,42,37.5524360558298,32.54372591682062,33.19640492922129,51.071392198802,406.6
2,43,37.5524360558298,32.72414320888962,33.19640492922129,51.071392198802,406.6
2,44,37.5524360558298,32.86002907221471,33.19640492922129,51.071392198802,406.6
2,45,37.5524360558298,33.15220768866955,33.19640492922129,51.071392198802,406.6
2,46,37.5524360558298,33.73347238039682,33.19640492922129,51.071392198802,406.6
2,47,37.5524360558298,34.26140845640312,33.19640492922129,51.071392198802,406.6
2,48,37.5524360558298,34.88438582205184,33.19640492922129,51.071392198802,406.6
2,49,37.5524360558298,35.71064644578239,33.19640492922129,51.071392198802,406.6
2,50,37.5524360558298,36.343105910856295,33.19640492922129,51.071392198802,406.6
2,51,37.5524360558298,36.94292168910674,33.19640492922129,51.071392198802,406.6
2,52,37.5524360558298,37.55243605582976,33.19640492922129,51.071392198802,406.6
2,53,37.5524360558298,37.55243605582976,33.19640492922129,51.071392198802,406.6
2,54,37.5524360558298,37.55243605582976,33.19640492922129,51.071392198802,406.6
2,55,37.5524360558298,37.55243605582976,33.19640492922129,51.071392198802,406.6
2,56,37.5524360558298,37.55243605582976,33.19640492922129,51.071392198802,406.6
2,57,37.5524360558298,37.55243605582976,33.19640492922129,51.071392198802,406.6
2,58,37.5524360558298,37.55243605582976,33.19640492922129,51.071392198802,406.6
2,59,37.5524360558298,37.55243605582976,33.19640492922129,51.071392198802,406.6
3,0,13.813458914033681,1.332048246490612,14.616720680471058,22.487262585340087,323.7
3,1,16.422256114921133,6.649462984459962,16.065142275904986,24.715603501392287,341.45
3,2,17.86429750038809,10.839974921825803,14.309246301473552,22.014225079190076,324.9
3,3,21.12894183584563,14.672934037376963,14.71344949600168,22.636076147694894,340.95
3,4,27.044700644409268,17.374657941048113,16.64705252243174,25.610850034510367,379.59999999999997
3,5,27.044700644409268,19.835088028146902,16.64705252243174,25.610850034510367,379.59999999999997
3,6,29.739341721603488,23.13992287725164,31.04554716326265,47.76238025117331,436.15
3,7,29.739341721603488,25.61706536566127,31.04554716326265,47.76238025117331,436.15
3,8,29.739341721603488,27.18218354384969,31.04554716326265,47.76238025117331,436.15
3,9,31.520900416527702,27.42174865702917,28.298653856987926,43.5363905492122,430.94999999999993
3,10,32.58911301077408,27.870912819643387,27.369633531008414,42.107128509243715,416.79999999999995
3,11,32.58911301077408,28.329191552575963,27.369633531008414,42.107128509243715,416.79999999999995
3,12,34.98664147581815,28.9523898622908,35.2325916709467,54.20398718607185,400.8
3,13,34.98664147581815,29.66828358148443,35.2325916709467,54.20398718607185,400.8
3,14,34.98664147581815,30.17731067442032,35.2325916709467,54.20398718607185,400.8
3,15,34.98664147581815,30.580158464612172,35.2325916709467,54.20398718607185,400.8
3,16,35.9558491113478,31.039554565481673,35.35207515132292,54.38780792511219,425.49999999999994
3,17,35.9558491113478,31.558101864868902,35.35207515132292,54.38780792511219,425.49999999999994
3,18,35.9558491113478,32.0470505111519,35.35207515132292,54.38780792511219,425.49999999999994
3,19,35.9558491113478,32.439047525838035,35.35207515132292,54.38780792511219,425.49999999999994
3,20,35.9558491113478,32.96503825102528,35.35207515132292,54.38780792511219,425.49999999999994
3,21,35.9558491113478,33.57324334992501,35.35207515132292,54.38780792511219,425.49999999999994
3,22,35.9558491113478,34.03727798239238,35.35207515132292,54.38780792511219,425.49999999999994
3,23,35.9558491113478,34.249684524993945,35.35207515132292,54.38780792511219,425.49999999999994
3,24,35.9558491113478,34.78016258480936,35.35207515132292,54.38780792511219,425.49999999999994
3,25,35.9558491113478,35.07045852279279,35.35207515132292,54.38780792511219,425.49999999999994
3,26,35.9558491113478,35.17259862451627,35.35207515132292,54.38780792511219,425.49999999999994
3,27,35.9558491113478,35.20955456082747,35.35207515132292,54.38780792511219,425.49999999999994
3,28,35.9558491113478,35.384011935222794,35.35207515132292,54.38780792511219,425.49999999999994
3,29,36.28873492425121,35.49342604080417,31.040859151322923,47.7551679251122,429.04999999999995
3,30,36.28873492425121,35.63880718613365,31.040859151322923,47.7551679251122,429.04999999999995
3,31,36.28873492425121,35.86656864490195,31.040859151322923,47.7551679251122,429.04999999999995
3,32,36.28873492425121,35.959177969476926,31.040859151322923,47.7551679251122,429.04999999999995
3,33,37.82670018199372,35.977886480183386,28.751299151322925,44.23276792511219,425.49999999999994
3,34,37.82670018199372,35.99659499088984,28.751299151322925,44.23276792511219,425.49999999999994
3,35,37.82670018199372,36.0153035015963,28.751299151322925,44.23276792511219,425.49999999999994
3,36,37.82670018199372,36.04413060169081,28.751299151322925,44.23276792511219,425.49999999999994
3,37,41.8803147018182,36.16282964784392,36.91823195132292,56.797279925112186,426.75
3,38,41.8803147018182,36.31894571540997,36.91823195132292,56.797279925112186,426.75
3,39,41.8803147018182,36.60025072232959,36.91823195132292,56.797279925112186,426.75
3,40,41.8803147018182,36.85626722162746,36.91823195132292,56.797279925112186,426.75
3,41,41.8803147018182,37.264861196018614,36.91823195132292,56.797279925112186,426.75
3,42,41.8803147018182,37.569021847452724,36.91823195132292,56.797279925112186,426.75
3,43,41.8803147018182,37.737398443810825,36.91823195132292,56.797279925112186,426.75
3,44,41.8803147018182,38.409437899682615,36.91823195132292,56.797279925112186,426.75
3,45,41.8803147018182,38.71307635464942,36.91823195132292,56.797279925112186,426.75
3,46,41.8803147018182,39.05492407798164,36.91823195132292,56.797279925112186,426.75
3,47,41.8803147018182,39.44298726754366,36.91823195132292,56.797279925112186,426.75
3,48,41.8803147018182,40.126422414882356,36.91823195132292,56.797279925112186,426.75
3,49,41.8803147018182,40.86201264880821,36.91823195132292,56.797279925112186,426.75
3,50,41.8803147018182,41.5043910522969,36.91823195132292,56.797279925112186,426.75
3,51,41.8803147018182,41.880314701818286,36.91823195132292,56.797279925112186,426.75
3,52,41.8803147018182,41.880314701818286,36.91823195132292,56.797279925112186,426.75
3,53,41.8803147018182,41.880314701818286,36.91823195132292,56.797279925112186,426.75
3,54,41.8803147018182,41.880314701818286,36.91823195132292,56.797279925112186,426.75
3,55,41.8803147018182,41.880314701818286,36.91823195132292,56.797279925112186,426.75
3,56,41.8803147018182,41.880314701818286,36.91823195132292,56.797279925112186,426.75
3,57,41.8803147018182,41.880314701818286,36.91823195132292,56.797279925112186,426.75
3,58,41.8803147018182,41.880314701818286,36.91823195132292,56.797279925112186,426.75
3,59,41.8803147018182,41.880314701818286,36.91823195132292,56.797279925112186,426.75
4,0,16.888509952648423,1.4074151641875228,11.567355457911827,17.795931473710503,311.20000000000005
4,1,16.888509952648423,6.2805458673830605,11.567355457911827,17.795931473710503,311.20000000000005
4,2,17.02189166485378,10.625204062825834,11.86393374128505,18.25220575582315,317.65000000000003
4,3,18.30707788794392,13.402773339774729,14.285377430852078,21.97750373977243,323.75
4,4,21.810917768027284,15.566059975355065,14.347581916974665,22.073202949191792,332.35
4,5,21.84326848712165,17.019482334415635,14.33849488594435,22.059222901452852,330.6
4,6,22.31506733689046,18.30770702241402,14.176484944597327,21.80997683784204,334.25
4,7,22.31506733689046,20.18093213508889,14.176484944597327,21.80997683784204,334.25
4,8,22.31506733689046,21.66443691375223,14.176484944597327,21.80997683784204,334.25
4,9,22.338786466473753,21.971077486648582,14.167397913567013,21.7959967901031,332.5
4,10,25.49465431264502,22.303445623409452,14.288100062677302,21.981692404118927,343.0
4,11,25.522551060007782,22.93047436528621,14.29576665325894,21.99348715885991,340.6
4,12,25.607404249703198,23.934878407837655,14.266224844434264,21.948038222206563,336.55
4,13,25.911003675143597,25.479932150607652,14.191665144343503,21.8333309912977,337.4
4,14,26.09154839938904,25.562998297468503,14.162123335518826,21.787882054644353,333.35
4,15,26.09154839938904,25.646709007385248,14.162123335518826,21.787882054644353,333.35
4,16,26.09154839938904,25.82518089222625,14.162123335518826,21.787882054644353,333.35
4,17,26.09154839938904,26.011152221805702,14.162123335518826,21.787882054644353,333.35
4,18,26.09154839938904,26.085416044399626,14.162123335518826,21.787882054644353,333.35
4,19,26.09529839938904,26.091585899389017,14.162123335518826,21.787882054644353,333.1
4,20,27.47570862666593,26.120408420347633,14.68720988563941,22.595707516368325,332.1
4,21,27.496273214118585,26.196491143247904,14.687988932844217,22.59690605052957,330.85
4,22,27.496273214118585,26.317419050908658,14.687988932844217,22.59690605052957,330.85
4,23,27.74085846670833,26.566807679290886,14.929266829277903,22.9681028142737,334.65000000000003
4,24,27.74085846670833,27.120596347793644,14.929266829277903,22.9681028142737,334.65000000000003
4,25,27.74085846670833,27.52256538187296,14.929266829277903,22.9681028142737,334.65000000000003
4,26,27.759608466708332,27.63289954427757,14.929266829277903,22.9681028142737,333.40000000000003
4,27,28.107051604173282,27.747872275906683,15.146349483648736,23.302076128690363,336.65000000000003
4,28,28.11698150488454,27.80428452305798,15.110912258845731,23.24755732130112,336.65000000000003
4,29,28.430308431396668,27.964455357798286,14.894455359771968,22.91454670734149,330.8
4,30,28.491891023216905,28.13487868937183,15.278018400463987,23.504643693021517,338.6
4,31,28.547493372729154,28.23181590870284,14.838800524798884,22.82892388430598,335.5
4,32,28.76305708434658,28.407721161936838,15.082426902593093,23.203733696297064,337.40000000000003
4,33,28.81295710963603,28.501693953125063,15.057758489675189,23.165782291807986,332.0
4,34,28.886781158835095,28.638157221759194,15.10828112646015,23.243509425323314,332.05
4,35,28.91996754269381,28.788639252035573,15.100084257264795,23.230898857330455,331.3
4,36,28.963530003922486,28.842247427300826,15.15816656006584,23.320256246255138,334.45000000000005
4,37,28.98508425706946,28.8946463454931,15.140152650582952,23.29254253935839,333.0
4,38,29.1085338668149,28.929281928304135,14.986643640394453,23.056374831376083,332.75
4,39,29.17691887420407,28.95208519392591,14.856830598620121,22.85666245941557,331.65
4,40,29.240985577796675,28.994289931247245,14.891829998445447,22.91050768991607,331.4
4,41,29.25402830208164,29.0602967249246,14.896898991938277,22.918306141443505,332.6
4,42,29.25402830208164,29.160576855856046,14.896898991938277,22.918306141443505,332.6
4,43,31.00970970869147,29.240128941034346,15.795036695197885,24.30005645415059,344.7
4,44,32.00774008857267,29.335050861404305,15.038451612701742,23.136079404156522,345.5
4,45,32.00774008857267,29.620325034433243,15.038451612701742,23.136079404156522,345.5
4,46,32.3445384389712,30.50160834778744,15.598945827420781,23.998378196031975,344.25
4,47,32.3445384389712,31.972550310713345,15.598945827420781,23.998378196031975,344.25
4,48,32.44549805483969,32.148674933641,15.557600186557194,23.934769517780303,343.05
4,49,32.482846888627954,32.307463893889,15.562078265273156,23.94165886965101,341.55
4,50,32.67087397970662,32.37144907921749,15.651704384494995,24.07954520691538,342.7
4,51,32.712248422578625,32.440160395416505,15.667095572709396,24.103223958014457,341.7
4,52,32.712248422578625,32.57380249524556,15.667095572709396,24.103223958014457,341.7
4,53,32.74832646562971,32.67131842893363,15.70961107963908,24.16863243021397,342.7
4,54,32.74832646562971,32.68344002820445,15.70961107963908,24.16863243021397,342.7
4,55,32.82254659405958,32.70968311508109,15.69086126571659,24.139786562640914,338.84999999999997
4,56,33.067887967857764,32.735125856090406,15.680687284258308,24.12413428347433,338.84999999999997
4,57,33.22166806561563,32.789680815666685,15.917019014412578,24.48772156063474,344.95
4,58,33.22166806561563,32.872985455205125,15.917019014412578,24.48772156063474,344.95
4,59,33.622811371073446,33.04269685184285,16.02669249711485,24.656449995561314,343.7
