seed,gen,best,mean,best_H,best_F,best_Min
0,0,14.181947365153928,11.258819209778027,31.125616535285857,47.88556390043978,257.79999999999995
0,1,15.492380274563637,12.476607152907247,33.99199193847533,52.29537221303898,281.1
0,2,15.949484003414538,13.608040612825901,34.072041720627,52.41852572404153,239.7
0,3,16.274132127460636,14.644727650147086,35.0631025224269,53.94323464988756,260.6
0,4,17.144898627377792,15.405891457762287,36.649597450844475,56.383996078222275,258.95
0,5,18.20844235375506,15.945784200609049,38.92375008554511,59.882692439300165,275.05
0,6,18.20844235375506,16.671860196555105,38.92375008554511,59.882692439300165,275.05
0,7,18.563171573784793,17.307646814605828,38.47660435131463,59.19477592509944,215.5
0,8,18.904158695439083,17.882775161676058,39.76636614867259,61.17902484411168,250.85000000000002
0,9,19.20741860093884,18.43928338279782,40.313777401743565,62.021196002682416,250.0
0,10,20.083106891508812,18.73777246229502,41.362484227087805,63.634591118596646,218.89999999999998
0,11,20.303023163551494,19.116541050595504,42.05875730373848,64.70578046728996,234.39999999999998
0,12,21.05023335232838,19.638831174170836,43.32943336860986,66.66066672093828,228.10000000000002
0,13,21.73664605584225,20.236785375907804,44.51412838942133,68.4832744452636,223.25
0,14,23.536602456366683,20.71240160694301,48.0565474189667,73.9331498753334,234.0
0,15,23.858827547324463,21.286429354101717,48.665179730745436,74.8695072780699,234.55
0,16,23.98507482769999,21.979901905058206,48.94978182287141,75.3073566505714,237.25
0,17,24.379215961193644,22.91898447728062,49.673401070788195,76.42061703198185,236.8
0,18,24.404415527420078,23.772527157525534,50.130628836637285,77.12404436405737,258.9
0,19,24.773054827699994,24.002666103293468,50.44010182287141,77.60015665057139,238.7
0,20,25.310856077590426,24.28245464423278,51.63758985838222,79.44244593597266,249.4
0,21,26.42868082689187,24.7243699213897,53.59747867851347,82.45765950540533,243.15
0,22,26.473787167231727,25.158046747245,53.69053331057321,82.60082047780494,243.65
0,23,27.298858565727517,25.59261104302428,55.51809447920826,85.4124530449358,259.55
0,24,27.335118778550463,26.326119586994555,55.43686344587944,85.28748222442992,251.55
0,25,27.712821661898367,26.78370543301146,56.594240229239816,87.06806189113817,276.1
0,26,28.046563434639598,27.145162705098574,56.85840352147355,87.47446695611316,256.95
0,27,28.14310145584856,27.483218712459365,57.05997413229017,87.78457558813872,258.15
0,28,28.198325380228333,27.772949269055925,57.37424713470975,88.26807251493805,269.55
0,29,29.573109761402566,27.999361855637712,59.786275271176194,91.97888503257876,261.95
0,30,29.585609761402566,28.340011004455096,59.786275271176194,91.97888503257876,260.7
0,31,29.690429221787433,28.790974507658394,60.38486855474809,92.89979777653552,282.45
0,32,30.012820133209733,29.2390943475371,60.62516596167522,93.26948609488497,263.15
0,33,30.37581960567083,29.574724544948182,61.22502212481725,94.19234173048807,259.15
0,34,30.517939024756643,29.830069259113465,61.562315331690904,94.71125435644754,263.1
0,35,30.67523384817732,30.066859072776708,61.940791432329306,95.29352528050663,267.75
0,36,30.805847804962102,30.241842815832246,62.03478878064389,95.43813658560597,259.75
0,37,30.877791434656345,30.49368493458079,62.28539837864749,95.82368981330384,266.05
0,38,30.953069119537776,30.644075316475348,62.559842650570175,96.245911770108,273.3
0,39,31.312671057714823,30.809965992470755,63.28617482147041,97.36334587918529,276.45
0,40,31.66609513423467,30.92847587612413,63.812533820721555,98.17312895495627,269.45
0,41,31.759006562985785,31.063734500475007,63.84672647411647,98.22573303710229,262.0
0,42,32.00572816323741,31.33671521541237,64.30213801744091,98.92636618067834,261.84999999999997
0,43,32.6106166556645,31.631746883364663,65.80714521766265,101.24176187332718,282.4
0,44,32.6106166556645,31.884599975551644,65.80714521766265,101.24176187332718,282.4
0,45,33.71181870205548,32.112719034583854,67.79373473238874,104.29805343444421,279.25
0,46,33.766458213208985,32.401023608868925,67.78842239595956,104.28988060916858,273.5
0,47,33.832383206059596,32.95577317284668,67.90156881125354,104.46395201731315,273.0
0,48,35.110403782023745,33.64113788058246,70.36510702375838,108.25401080578213,277.85
0,49,35.138303313633834,33.79843738307725,70.39370615389142,108.29800946752528,276.6
0,50,35.20422830648443,33.951180516451984,70.50685256918538,108.47208087566983,276.1
0,51,35.336605718829595,34.28859421770739,70.68583919211213,108.74744491094177,272.5
0,52,35.51434813934437,35.0766075666833,71.09021797306812,109.36956611241251,276.5
0,53,35.52134813934437,35.30896912153422,71.09021797306812,109.36956611241251,275.8
0,54,35.94233936038057,35.462550729023,72.09677309784962,110.91811245823018,287.9
0,55,36.28504614861365,35.595244868621435,72.61994284742534,111.72298899603896,281.79999999999995
0,56,36.28504614861365,35.80175174029235,72.61994284742534,111.72298899603896,281.79999999999995
0,57,36.95413621622437,36.064264895635105,74.14482440155953,114.06896061778389,297.0
0,58,36.98877708596891,36.237600699474534,74.16551458822798,114.1007916741969,294.65
0,59,37.27517230773794,36.44153492167236,74.69182000008475,114.9104923078227,294.35
0,60,37.313156970959376,36.774154859854875,74.76236294606741,115.0190199170268,294.35
0,61,37.523798595332465,37.12073427092552,75.15634024847456,115.62513884380701,294.5
0,62,37.523798595332465,37.25934160606984,75.15634024847456,115.62513884380701,294.5
0,63,37.65564112405939,37.34653975524887,75.48197637325315,116.12611749731252,298.85
0,64,37.781410595332446,37.484384479563424,75.65054824847455,116.38545884380702,295.34999999999997
0,65,37.89025293419277,37.57067190910775,75.91211259207229,116.78786552626505,298.55
0,66,38.169589590865854,37.6479001812741,76.35752352589374,117.47311311675962,294.6
0,67,38.242343148048924,37.76938597988555,76.5362801320909,117.7481232801399,296.95000000000005
0,68,38.280505427402304,37.92744453729697,76.61736722231858,117.87287264972092,297.5
0,69,38.31487114804895,38.0978652281454,76.65983213209091,117.93820328013987,296.35
0,70,38.46290229111704,38.199469465412115,77.04431854064593,118.52972083176297,302.25
0,71,38.63439519596683,38.26688839694209,77.3628053639384,119.01970055990525,302.25
0,72,38.77194988927899,38.337552938844745,77.85040693723244,119.76985682651149,314.75
0,73,39.60490387405712,38.44432863221253,79.1345357661061,121.74543964016326,300.59999999999997
0,74,39.60490387405712,38.6209260277834,79.1345357661061,121.74543964016326,300.59999999999997
0,75,39.61990387405712,38.93127936468633,79.1345357661061,121.74543964016326,299.09999999999997
0,76,39.83686000719297,39.37000012341839,79.60709715621553,122.47245716340854,302.85
0,77,39.83767697904311,39.63132175436394,79.62440010393722,122.49907708298036,303.7
0,78,40.229364262431574,39.707926413434365,80.5468193445158,123.9181836069474,314.20000000000005
0,79,40.229364262431574,39.82901327366004,80.5468193445158,123.9181836069474,314.20000000000005
0,80,40.27619281100593,39.88563493437378,80.4100009347253,123.70769374573125,302.15
0,81,40.32420913727531,39.99509228995953,80.54095982636842,123.90916896364371,304.4
0,82,40.471407732151036,40.20698463519872,81.23218578828047,124.97259352043147,326.9
0,83,40.5956931771844,40.30320374864554,81.26150161477102,125.0176947919554,316.05
0,84,40.62362923472631,40.355187449715224,81.07195429306313,124.72608352778943,303.05
0,85,40.84320026577875,40.419737192961136,81.94308620787481,126.06628647365356,328.0
0,86,40.84860355062698,40.534645925072674,81.92804945116438,126.04315300179134,326.65
0,87,41.01818755062696,40.630430852471505,82.29870545116437,126.61339300179135,329.65
0,88,41.086045180633334,40.72190776100691,82.27894104974762,126.58298623038095,321.8
0,89,41.09971555062697,40.9036842562757,82.42225745116437,126.80347300179135,328.15
0,90,41.26240308623746,41.04193767870593,82.34832001729812,126.68972310353554,307.9
0,91,41.34393108623747,41.09479884889263,82.47187201729813,126.87980310353554,306.4
0,92,41.34393108623747,41.14575748969086,82.47187201729813,126.87980310353554,306.4
0,93,41.42918451377702,41.236222129277685,82.82055695415731,127.41624146793433,316.65
0,94,41.572435956135394,41.31082502337085,82.9138810613943,127.55981701752971,307.35
0,95,41.60100136663849,41.382876747337505,83.1972168237572,127.99571819039572,319.75
0,96,41.648337512100326,41.46255414004315,83.1495553796149,127.92239289171525,312.45
0,97,41.763719645991856,41.54849196482651,83.52540791398488,128.50062755997675,321.15
0,98,41.95943462676999,41.61441314975914,83.59637859257286,128.6098132193429,305.4
0,99,41.96408606745157,41.70954214594933,83.65701698241006,128.70310304986162,308.2
0,100,42.15933214078853,41.82837197583098,84.37804540432154,129.81237754511005,327.5
0,101,42.37576593422664,41.98805269231956,84.4224938778495,129.8807598120762,308.25
0,102,42.37576593422664,42.11207042367814,84.4224938778495,129.8807598120762,308.25
0,103,42.38842072002429,42.21571790783979,84.61963848004511,130.18405920006938,317.6
0,104,42.51188480118691,42.285241178527386,84.89628605934713,130.60967086053407,320.15
0,105,42.55639603467629,42.36722782068528,84.99752120725599,130.7654172419323,321.15
0,106,42.61362015937527,42.42173541647606,85.10286601026839,130.92748616964371,321.1
0,107,42.78935626852008,42.49919544427715,85.58987592725158,131.67673219577168,329.75
0,108,43.1223260501911,42.58745880087809,86.2546769503549,132.69950300054603,332.25
0,109,43.1223260501911,42.669157822939034,86.2546769503549,132.69950300054603,332.25
0,110,43.18108853064455,42.79760762485871,86.38609298548275,132.90168151612733,333.45
0,111,43.43680393372182,42.94692001132053,86.88977873405481,133.67658266777664,335.0
0,112,43.44486199714823,43.12437395677913,86.88245799470387,133.66531999185213,333.8
0,113,43.448741379055036,43.24461728725583,86.88316256110221,133.66640394015727,333.45
0,114,43.797815117569556,43.39465323328887,87.79794236120061,135.07375747877018,347.8
0,115,43.840257890812694,43.458212683589515,87.63997894008071,134.8307368308934,335.05
0,116,43.9486456081491,43.52307130230602,87.88398470084832,135.2061303089974,337.34999999999997
0,117,43.95396526136133,43.68576717583478,87.8901497710996,135.2156150324609,337.15
0,118,43.98833903911045,43.8792417255401,87.8667010726337,135.1795401117442,332.45
0,119,44.00570497073275,43.92817566639514,87.9927378027894,135.37344277352219,337.5
0,120,44.143576623561145,43.96913572670217,88.28871372947071,135.8287903530319,339.65
0,121,44.17743337431506,43.99813477343407,88.34601912372798,135.9169524980431,339.34999999999997
0,122,44.219682474563854,44.02505464731527,88.4551245956186,136.08480707018248,341.0
0,123,44.256931574812654,44.08946889045724,88.56423006750921,136.25266164232187,343.15
0,124,44.256931574812654,44.18845457231218,88.56423006750921,136.25266164232187,343.15
0,125,44.256931574812654,44.216104643017545,88.56423006750921,136.25266164232187,343.15
0,126,44.271931574812655,44.22775378584309,88.56423006750921,136.25266164232187,341.65
0,127,44.31479750643496,44.243006756697575,88.69026679766492,136.4465643040999,344.15000000000003
0,128,44.35200694917084,44.26507262373061,88.75379861988871,136.5443055690596,343.85
0,129,44.35200694917084,44.27923502324833,88.75379861988871,136.5443055690596,343.85
0,130,44.36542115397788,44.30408579832656,88.8669250002446,136.71834615422244,348.59999999999997
0,131,44.36542115397788,44.32663031600903,88.8669250002446,136.71834615422244,348.59999999999997
0,132,44.39170020088821,44.34138764277881,88.8330860873638,136.66628628825197,344.15000000000003
0,133,44.791021581465756,44.366091111800415,89.62946865129355,137.89149023275934,347.1
0,134,44.791021581465756,44.38482958318684,89.62946865129355,137.89149023275934,347.1
0,135,44.79801580816074,44.433265255893,89.6090293580128,137.86004516617356,345.29999999999995
0,136,44.9966526902177,44.584161650706804,90.01414071040432,138.48329340062205,347.25
0,137,44.9966526902177,44.7981499100232,90.01414071040432,138.48329340062205,347.25
0,138,44.9966526902177,44.81832807047969,90.01414071040432,138.48329340062205,347.25
0,139,45.24891048826426,44.848666831325005,90.50769090677649,139.2426013950408,348.6
0,140,45.25491048826426,44.893082061682755,90.50769090677649,139.2426013950408,348.0
0,141,45.3063221036245,45.017769204782,90.75545533530266,139.6237774389272,356.20000000000005
0,142,45.3153221036245,45.15074933489834,90.75545533530266,139.6237774389272,355.3
0,143,45.341892226859336,45.26336075403144,90.65065699273877,139.46254921959815,347.0
0,144,45.341892226859336,45.28682594304873,90.65065699273877,139.46254921959815,347.0
0,145,45.44328639444891,45.31422539611797,91.02560330397657,140.0393896984255,357.04999999999995
0,146,45.45828639444891,45.33538510931385,91.02560330397657,140.0393896984255,355.54999999999995
0,147,45.48076097400278,45.357894727861726,91.03669895171946,140.05645992572227,353.9
0,148,45.49700516144257,45.39953238109068,91.03808101410765,140.05858617555026,352.35
0,149,45.585182457591785,45.473851029329005,91.18883884981332,140.29052130740513,351.65
1,0,17.042040294645908,11.841029874088214,37.097431975770974,57.07297227041689,293.35
1,1,17.29549385719871,14.331642200053112,36.88470287765475,56.745696734853475,256.55
1,2,18.195511193988636,16.4103246713501,39.5738779316932,60.882889125681864,311.35
1,3,18.461382657198705,17.10973317297396,39.40928207765475,60.62966473485349,275.9
1,4,19.05903130361732,17.63476675298751,40.61298670671788,62.48151801033519,280.95000000000005
1,5,19.06653130361732,18.357334201578517,40.61298670671788,62.48151801033519,280.20000000000005
1,6,19.685194520085503,18.61354615657488,42.12036125158736,64.80055577167286,299.5
1,7,19.7957230650814,18.9780448917647,42.01455712086547,64.6377801859469,282.75
1,8,20.019885096390738,19.365661355429097,42.43178660758281,65.27967170397358,282.79999999999995
1,9,21.01507750716553,19.751303706400954,44.49542965616456,68.4545071633301,294.4
1,10,21.036957318690337,19.984711771659175,44.66327787756777,68.71273519625812,301.25
1,11,21.428070256789116,20.287698169357398,45.07298761975122,69.34305787654034,284.19999999999993
1,12,21.551485361651636,20.80103984984885,45.44518710021018,69.9156724618618,291.9
1,13,22.112331462897316,21.255846110830664,47.15904414538075,72.55237560827811,328.1
1,14,22.303722020022555,21.537087640888032,47.163483751470466,72.55920577149303,309.20000000000005
1,15,22.66554282193988,21.78948326977157,48.15857952645979,74.09012234839969,326.6
1,16,23.23405946015583,22.13840231521601,48.662824711717974,74.86588417187382,296.9
1,17,23.23798894233393,22.496425634317436,48.670122321477315,74.87711126381127,296.9
1,18,23.85483727324124,22.860541142680127,49.98376922173374,76.898106494975,305.95000000000005
1,19,23.86439487069711,23.222823658103096,50.00151904558036,76.92541391627749,305.95000000000005
1,20,24.64589610540336,23.440628041297114,51.390664195749096,79.06256030115246,302.6
1,21,24.65197062088925,23.780135539571127,51.39730258165147,79.07277320254073,302.35
1,22,24.9081924971553,24.02245939042064,51.96135749471699,79.9405499918723,307.1
1,23,25.57814036589853,24.36832975404058,53.17026067952584,81.80040104542437,305.2
1,24,25.674835946087697,24.71981774152209,53.489123899877164,82.29095984596489,312.7
1,25,26.536341340944443,25.045748883665514,55.23113391889682,84.97097525984127,320.35
1,26,26.536341340944443,25.545426927973196,55.23113391889682,84.97097525984127,320.35
1,27,26.741032629577216,26.028999871664,55.324346312071974,85.11437894164919,304.9
1,28,27.177120638141794,26.456144547830277,56.372866899406205,86.72748753754803,317.75
1,29,27.217453819671608,26.610271649582426,56.50627137939013,86.93272519906174,320.9
1,30,27.55645627786446,26.78671358522498,57.31599023031971,88.17844650818418,330.59999999999997
1,31,27.79072420688427,27.05540594450149,57.45113066992793,88.38635487681219,314.45
1,32,28.075136460619976,27.395063849706965,57.84189628400853,88.98753274462851,307.05
1,33,28.23737761006596,27.66342840863663,58.47934413297963,89.96822174304556,325.15
1,34,28.714912437718873,27.86568333401459,59.26126595576362,91.17117839348249,319.5
1,35,29.173108167295265,28.127193154176798,60.218986596405486,92.64459476370074,325.25
1,36,29.238386752355332,28.393122240481123,60.25014682580274,92.69253357815803,320.4
1,37,29.238386752355332,28.668367640853763,60.25014682580274,92.69253357815803,320.4
1,38,29.39107802571312,28.920189723168424,60.56435919061007,93.17593721632316,322.05000000000007
1,39,30.034082775269468,29.187253212215754,61.803082296929,95.08166507219845,324.45000000000005
1,40,30.38578861334091,29.33480068839673,62.485035996204545,96.13082460954544,326.0
1,41,30.790459608564266,29.592397250515315,63.24399641590507,97.29845602446936,326.40000000000003
1,42,30.83084292047648,30.057185531717153,63.23913685231347,97.29097977278997,322.1
1,43,31.13021326826424,30.477125691485305,64.1191817839193,98.64489505218353,339.55000000000007
1,44,31.19181437331581,30.763835315403142,63.846369550443654,98.22518392375947,318.7
1,45,31.919084615267504,30.94472684606008,65.4180142854968,100.6430989007643,330.59999999999997
1,46,31.965685709065898,31.208937858072826,65.48227345969381,100.74195916875972,329.4
1,47,32.43604230866799,31.52104861808366,66.5554357160977,102.39297802476571,340.15000000000003
1,48,32.818547485957254,31.972353172591788,67.10608818820633,103.2401356741636,331.55
1,49,33.272039467512556,32.27456163210444,68.13585901109474,104.82439847860729,341.65000000000003
1,50,33.366546457074776,32.4935297668968,68.16187199171031,104.86441844878513,333.6
1,51,33.729758457074794,32.80393944294886,68.91347999171033,106.02073844878512,337.75
1,52,34.14146028817479,33.1365478176572,69.54899767803889,106.99845796621366,330.8
1,53,34.1647938014715,33.406112942604835,69.66475991701847,107.17655371848993,334.7
1,54,34.35788957302512,33.666019434342644,69.9908663499038,107.67825592292893,332.95
1,55,34.574281107976844,33.977934527420146,70.48095062909985,108.43223173707668,337.7
1,56,34.574281107976844,34.23768795473282,70.48095062909985,108.43223173707668,337.7
1,57,34.85171571829328,34.41029928337151,70.94140061968753,109.14061633798083,334.75
1,58,35.22694910797683,34.54329824689444,71.65126262909983,110.23271173707667,335.45
1,59,35.22781277705869,34.74238503523411,71.64729515739472,110.22660793445344,335.15
1,60,35.367946420194144,34.970254397448606,71.9864719232177,110.74841834341188,339.4
1,61,35.608876342452916,35.186487380375276,72.40884177884114,111.39821812129408,338.05
1,62,35.61860470054424,35.295722855753425,72.4092658724393,111.39887057298355,337.1
1,63,36.33102624088355,35.44263438113442,73.63669159021231,113.28721783109587,331.95
1,64,36.487986005659344,35.724921228727034,74.33118829622451,114.35567430188391,353.65
1,65,36.8414748150389,36.05315964399434,74.79452465650081,115.06849947153972,343.25
1,66,37.030262386249966,36.34078627216194,75.06620157446423,115.48646396071422,339.0
1,67,37.73557749954667,36.556115566306616,76.53485821344381,117.74593571299047,347.54999999999995
1,68,38.057203821312854,36.859331397173946,77.08109281100957,118.58629663232239,344.8
1,69,38.06040831769006,37.14782488642659,77.08704401856724,118.59545233625727,344.8
1,70,38.06137140589284,37.594321718111004,76.9829754680867,118.43534687397955,339.1
1,71,38.323996502149,37.9682512486365,77.69635064684813,119.53284714899709,351.25
1,72,38.525426547144825,38.073203365321845,77.99150644469752,119.98693299184232,347.0
1,73,38.525426547144825,38.12396036925763,77.99150644469752,119.98693299184232,347.0
1,74,38.67571427722599,38.27018237727795,78.28546937199111,120.43918364921706,347.79999999999995
1,75,38.76946459029845,38.42520819921621,78.45214852483996,120.69561311513837,347.4
1,76,38.84618241770222,38.53473112973703,78.68005306144696,121.04623547914913,352.0
1,77,38.89615423505957,38.62790438021311,79.01521500796775,121.56186924302729,365.04999999999995
1,78,39.10337417358709,38.73206889660023,79.03790917951888,121.59678335310596,345.54999999999995
1,79,39.19414040362023,38.85606736584058,79.24268932100901,121.91182972462926,347.5
1,80,39.41382952224212,39.018065620177914,79.82432625559251,122.80665577783464,356.85
1,81,39.58335398926958,39.1704149363218,80.0936574086435,123.22101139791306,354.4
1,82,39.90713662536655,39.32378447565208,80.84911087568074,124.3832475010473,362.70000000000005
1,83,39.92814658920846,39.47208995557155,80.79341509424427,124.2975616834527,357.6
1,84,39.94203709163261,39.6203573459226,80.911140313032,124.47867740466465,362.55000000000007
1,85,39.9829364059665,39.77496056372072,80.88959618250921,124.44553258847571,357.30000000000007
1,86,40.015921207964126,39.93104755034886,81.00471081479054,124.6226320227547,360.20000000000005
1,87,40.09875742151537,39.95354069708738,81.08054949709998,124.73930691861536,356.00000000000006
1,88,40.16651776450528,39.99147215638152,81.15346156265267,124.85147932715796,353.15
1,89,40.24362180260925,40.055579177808156,81.39972620484576,125.23034800745504,358.70000000000005
1,90,40.59896327478509,40.144970428838604,82.01971751031516,126.18418078510022,356.54999999999995
1,91,40.61396327478509,40.212081198893024,82.01971751031516,126.18418078510022,355.04999999999995
1,92,40.61996327478509,40.28384062167406,82.01971751031516,126.18418078510022,354.45
1,93,40.72562396511066,40.38907654592715,82.46387307806265,126.8674970431733,367.80000000000007
1,94,40.785764163507565,40.55867276048227,82.48920487508549,126.90646903859307,363.15000000000003
1,95,40.854688303169276,40.64453697612161,82.64877827731438,127.15196658048369,364.85
1,96,41.127917526983246,40.710078202702874,83.1199896929689,127.87690721995219,362.9
1,97,41.303025044226196,40.808744903863726,83.42940365356294,128.35292869778917,362.05
1,98,41.303025044226196,40.92072856927747,83.42940365356294,128.35292869778917,362.05
1,99,41.607571926983255,41.099403088203786,84.0219192929689,129.26449121995216,363.5
1,100,41.629684676478576,41.26477112465054,84.05741439917449,129.31909907565307,363.2
1,101,41.82594419315395,41.47739348983846,84.50082493014307,130.00126912329705,367.45
1,102,41.82594419315395,41.661850296251366,84.50082493014307,130.00126912329705,367.45
1,103,41.831704029440104,41.746841176283866,84.54309319753163,130.06629722697178,369.15000000000003
1,104,42.00524929340276,41.82512042086162,84.85703440203369,130.54928369543643,368.7
1,105,42.02552819315394,41.836637105373235,84.87148093014305,130.57150912329703,367.45
1,106,42.071777293402754,41.867120493932546,84.98058640203368,130.73936369543642,368.7
1,107,42.071777293402754,41.96247252296628,84.98058640203368,130.73936369543642,368.7
1,108,42.25786204261552,42.0373059387229,85.3716723648574,131.34103440747293,371.15
1,109,42.287851306578155,42.0847219169752,85.43850956935943,131.44386087593756,371.75
1,110,42.39423414157825,42.14962590133603,85.58872054864534,131.67495469022364,369.2
1,111,42.4751040477141,42.257787147594215,85.79926466004046,131.99886870775455,372.45000000000005
1,112,42.4751040477141,42.30539810491659,85.79926466004046,131.99886870775455,372.45000000000005
1,113,42.56572704642808,42.348709313424884,85.90720737193784,132.16493441836587,369.2
1,114,42.63201515739454,42.45782830523896,86.03959957801843,132.36861473541293,369.7
1,115,42.80070382604123,42.50918996239877,86.42530710550513,132.96201093154633,373.6
1,116,42.81646366232736,42.586119899617934,86.46757537289368,133.02703903522107,374.3
1,117,42.987956567177164,42.68266043376158,86.78606219618615,133.5170187633633,374.3
1,118,43.17923010340946,42.794376147575235,87.15428447776044,134.08351458116994,375.0
1,119,43.194989939695645,42.924928495316166,87.19655274514903,134.14854268484464,375.7
1,120,43.350625086900855,43.04654884076661,87.50416087567302,134.62178596257388,376.7
1,121,43.402023312214126,43.16461614832507,87.60704329411193,134.78006660632602,377.1
1,122,43.402023312214126,43.23504085872171,87.60704329411193,134.78006660632602,377.1
1,123,43.518632599687834,43.322787510763014,87.92017482799169,135.2618074276795,382.3
1,124,43.518632599687834,43.39367482011287,87.92017482799169,135.2618074276795,382.3
1,125,43.63734961090645,43.412579704390275,88.15736356311197,135.62671317401842,383.2
1,126,43.64334961090645,43.44701265055684,88.15736356311197,135.62671317401842,382.6
1,127,43.75068439247791,43.52239158878246,88.36041387174467,135.93909826422254,382.8
1,128,43.91590734214798,43.616193871967916,88.7173993497034,136.4883066918514,385.50000000000006
1,129,43.93105560977488,43.70576697823595,88.71581756101048,136.48587317078534,383.90000000000003
1,130,44.053518539267316,43.80181522108417,88.96924871578216,136.87576725504948,385.3
1,131,44.10330382589635,43.89058363754382,89.16013567666464,137.16943950256098,390.6
1,132,44.10330382589635,43.95275724116108,89.16013567666464,137.16943950256098,390.6
1,133,44.12248996691148,43.99962724677256,89.14748136712132,137.14997133403278,388.0
1,134,44.20975781556067,44.07702127533857,89.37176451461268,137.49502233017336,391.35
1,135,44.211757815560674,44.10343520336743,89.37176451461268,137.49502233017336,391.15
1,136,44.237943956575805,44.13447121667925,89.35911020506936,137.47555416164516,387.85
1,137,44.294419836092054,44.17965631533066,89.51227969559955,137.71119953169165,390.45000000000005
1,138,44.319839699485655,44.221930234951245,89.55020229904481,137.7695419985305,389.95000000000005
1,139,44.446008875532215,44.25078440032322,89.82537362598842,138.19288250152067,392.15000000000003
1,140,44.446008875532215,44.295781548522804,89.82537362598842,138.19288250152067,392.15000000000003
1,141,44.45300887553221,44.340399036393414,89.82537362598842,138.19288250152067,391.45000000000005
1,142,44.454040995969955,44.389952259315265,89.81614756394423,138.17868855991424,390.85
1,143,44.51621555003593,44.45229862504472,89.90747173578102,138.31918728581695,389.55000000000007
1,144,44.577628899043326,44.45870581478566,90.07166795536617,138.57179685440948,392.25000000000006
1,145,44.57962889904332,44.46977533756321,90.07166795536617,138.57179685440948,392.05000000000007
1,146,44.60164675107946,44.506199191808626,90.15248682343328,138.69613357451274,394.20000000000005
1,147,44.62266953970022,44.540052022195596,90.11910057372901,138.64477011342933,390.3
1,148,44.62266953970022,44.58260928205217,90.11910057372901,138.64477011342933,390.3
1,149,44.69008288870763,44.59169869513649,90.28329679331418,138.89737968202184,392.40000000000003
2,0,15.149455276944762,11.286339596663256,31.914916942897417,49.09987221984219,203.55
2,1,17.482263931232847,13.078417841359782,37.86856158657529,58.25932551780814,290.85
2,2,18.211144921655798,14.515779036150139,38.72634056878935,59.57898549044516,264.15
2,3,18.805556272793826,15.386384562307855,39.417961649474236,60.643017922268044,241.95
2,4,20.260375976031263,16.869918088367765,42.69176966977234,65.6796456458036,272.75
2,5,20.831183943272823,18.480267927042135,43.51227018036383,66.94195412363668,259.85
2,6,21.045404237751967,19.349576064338912,43.5303221558251,66.96972639357709,239.4
2,7,21.56511414049426,20.022151295674764,45.488140546632195,69.98175468712645,292.85
2,8,21.56630003795045,20.72989575492031,45.19227149905085,69.52657153700132,276.8
2,9,21.97526159626239,21.26111313622227,45.62584296448729,70.19360456074968,259.25
2,10,22.831506317134448,21.623385960697483,47.64501173182112,73.30001804895558,282.35
2,11,22.982940464767744,21.89043762816573,48.02838943456867,73.88982989933643,287.85
2,12,23.165685390751896,22.28216700441728,48.41698715425353,74.48767254500545,290.5
2,13,23.57047241430379,22.810979509313867,48.17980591227847,74.12277832658226,237.25
2,14,23.777424078026783,23.028267202266086,48.67093043062117,74.87835450864796,242.99999999999994
2,15,24.615159752796387,23.218672321426155,51.14229668376472,78.68045643656112,292.3
2,16,24.65158881389393,23.513005161347223,50.735450654374446,78.05453946826839,266.75
2,17,24.664489676037224,23.86293117443024,50.69719511264056,77.99568478867778,263.4
2,18,24.922727217814355,24.23247950699094,51.319779118798074,78.9535063366124,271.1
2,19,25.51105776020371,24.594218737685487,53.09117869752118,81.67873645772491,307.65000000000003
2,20,25.97515019227626,24.84651057379065,53.28170749994162,81.97185769221787,271.5
2,21,26.437603393554106,25.186870923142468,54.80262058802904,84.31172398158313,307.15000000000003
2,22,26.5262949883277,25.59507730924145,54.415762121180016,83.71655710950773,277.45
2,23,26.580449090134934,26.008377563005865,54.51726259596489,83.87271168609985,277.5
2,24,27.048897545961953,26.28054246814645,56.04559544250076,86.2239929884627,312.95000000000005
2,25,27.73532256227133,26.532529369774863,57.260027615646756,88.09235017791808,309.7
2,26,28.084278970249617,26.70096517210864,57.351875230463584,88.23365420071323,279.75
2,27,28.363115011457246,26.945821241347446,58.49557073556347,89.99318574702075,313.45
2,28,29.637969749824723,27.385347798432463,60.4870866782459,93.05705642807061,293.2
2,29,29.637969749824723,27.99933427238091,60.4870866782459,93.05705642807061,293.2
2,30,29.642255357351246,28.42177249664991,60.41611709222373,92.94787244957496,288.95
2,31,29.82836622521014,29.02336352526348,60.79796584681882,93.53533207202895,290.9
2,32,30.276613793156088,29.58784460009114,62.21356847300417,95.7131822661603,322.29999999999995
2,33,30.809392359266543,29.745032329253306,62.84830009578073,96.6896924550473,303.2
2,34,30.809392359266543,29.949969814459255,62.84830009578073,96.6896924550473,303.2
2,35,31.24325658637651,30.336109192347408,64.19911937469922,98.76787596107573,332.54999999999995
2,36,31.70833664739858,30.67879650708811,64.58091091659738,99.355247563996,306.6
2,37,32.273508486082484,30.97022724048067,65.62123004558175,100.95573853166425,306.09999999999997
2,38,32.37711541472092,31.276220034014827,65.51000005591027,100.78461547063117,289.74999999999994
2,39,32.387115414720924,31.697297278731188,65.51000005591027,100.78461547063117,288.74999999999994
2,40,33.04575648608246,31.986981584917416,67.08326204558175,103.20501853166428,307.6
2,41,33.193913612963875,32.39127655226352,67.82176813836148,104.34118175132537,332.54999999999995
2,42,33.948463414720905,32.65988085970465,68.51643205591026,105.40989547063118,294.49999999999994
2,43,33.948463414720905,33.11602444514148,68.51643205591026,105.40989547063118,294.49999999999994
2,44,34.22284528384249,33.281264570345925,69.07706981285034,106.27241509669287,297.25
2,45,34.414763973986304,33.563417133501474,69.43627595168886,106.82503992567518,297.4
2,46,35.05541712032236,34.00788507269133,70.77184608059868,108.87976320092106,305.25
2,47,35.05541712032236,34.22762582157392,70.77184608059868,108.87976320092106,305.25
2,48,35.05541712032236,34.45085536845019,70.77184608059868,108.87976320092106,305.25
2,49,35.64484326242739,34.67995359922984,71.84420891593659,110.52955217836399,304.04999999999995
2,50,35.64484326242739,35.004254400601816,71.84420891593659,110.52955217836399,304.04999999999995
2,51,35.99226059787543,35.17882909549259,72.39191253891151,111.37217313678696,298.8
2,52,36.16630532950513,35.41162876497052,72.82099561193812,112.03230094144328,304.5
2,53,36.58565820877271,35.719544868651965,73.60629381629218,113.24045202506491,304.85
2,54,36.90815603813692,36.03271976362772,74.13836121368286,114.05901725181978,301.25
2,55,37.262215225720716,36.32299802284584,75.07447113348134,115.49918635920207,316.25
2,56,37.262215225720716,36.65163532264507,75.07447113348134,115.49918635920207,316.25
2,57,37.29950149727557,36.86817672895726,75.14371706636892,115.6057185636445,316.25
2,58,37.4095895462199,37.06013146409599,75.16338058583696,115.63597013205687,306.3
2,59,37.597532624155036,37.24225220849543,75.77706058771648,116.58009321187147,320.55
2,60,37.745128991427066,37.352350056903234,75.830168126936,116.66179711836313,308.65000000000003
2,61,37.87580420230412,37.461408226122074,76.02920780427908,116.96801200658321,306.3
2,62,37.91009646803183,37.60746159667153,76.20710772634482,117.24170419437664,312.45000000000005
2,63,38.13978438021559,37.742526791549956,76.53338527754326,117.7436696577589,307.05
2,64,38.30764615879345,37.901353050424134,76.88598572347355,118.286131882267,309.25
2,65,38.78198550157854,38.03533153268533,77.83654450293157,119.7485300045101,313.0
2,66,38.78198550157854,38.19158490678785,77.83654450293157,119.7485300045101,313.0
2,67,38.86397467324389,38.36911520064431,77.99716725031011,119.99564192355407,313.45000000000005
2,68,39.24306936540483,38.61783195637126,78.7253431071804,121.11591247258522,314.75
2,69,39.316284790607924,38.81694700409198,79.05445746827185,121.62224225887977,325.15
2,70,39.65492479060792,38.9245369963738,79.67221746827185,122.57264225887977,324.55
2,71,39.73096718489538,39.114235408298974,79.59058191480571,122.4470490997011,312.55
2,72,39.79956698379337,39.39538208506494,79.76905296990199,122.72161995369542,315.3
2,73,40.126648410009366,39.62172720835138,80.3087041900174,123.55185260002676,311.65
2,74,40.469192145455,39.77923064107594,80.92257112727357,124.49626327272858,310.45
2,75,40.703030935230004,39.87422034270358,81.4172003082843,125.2572312435143,313.7
2,76,40.703030935230004,40.045374612611724,81.4172003082843,125.2572312435143,313.7
2,77,40.72998081920913,40.38685456943021,81.43753580710266,125.28851662631178,312.09999999999997
2,78,41.19274786057592,40.589234199043865,82.28396031249812,126.59070817307403,311.4
2,79,41.205247860575916,40.70606765284205,82.28396031249812,126.59070817307403,310.15
2,80,41.205247860575916,40.76588446539919,82.28396031249812,126.59070817307403,310.15
2,81,41.252978539781815,40.90322575981646,82.41531728816624,126.79279582794808,312.45
2,82,41.28252717382531,41.154827521541534,82.49805046567558,126.9200776395009,313.95
2,83,41.652714983170625,41.215138906637875,83.22639925445972,128.04061423763034,316.15
2,84,41.658714983170626,41.25802573854468,83.22639925445972,128.04061423763034,315.54999999999995
2,85,41.67436747549939,41.32404293742332,83.21368245449888,128.0210499299983,313.29999999999995
2,86,41.784250408146306,41.456398667035366,83.38710790084316,128.2878583089895,311.65
2,87,41.789837622826894,41.65624742746734,83.43834129953568,128.3666789223626,313.84999999999997
2,88,42.0063487252015,41.71803145071734,83.82093334680279,128.9552820720043,312.79999999999995
2,89,42.141041518876996,41.780573504193875,84.28743424934301,129.67297576822003,324.45000000000005
2,90,42.1911393438639,41.813986155451126,84.18547306717582,129.51611241103973,313.95000000000005
2,91,42.1911393438639,41.884683108278416,84.18547306717582,129.51611241103973,313.95000000000005
2,92,42.31654834642913,42.04137469692227,84.4295183576541,129.89156670408326,314.54999999999995
2,93,42.460219965874614,42.15755996586415,84.7334799366243,130.35919990249897,316.54999999999995
2,94,42.609929372440014,42.271730819365416,85.10808312024575,130.9355124926858,321.75
2,95,42.609929372440014,42.37596488866385,85.10808312024575,130.9355124926858,321.75
2,96,42.648511515596184,42.471322251894414,85.13794995753577,130.98146147313196,319.5
2,97,43.094706807672914,42.552645041290795,86.04924121424969,132.3834480219226,323.94999999999993
2,98,43.09985072343594,42.652001579269935,86.030008486381,132.3538592098169,322.4
2,99,43.102688429317695,42.769705521734565,86.03527851159,132.36196694090768,322.4
2,100,43.160363801231725,42.9616172499843,86.18046134514465,132.58532514637642,324.44999999999993
2,101,43.186559514801836,43.09295574786429,86.28389624177485,132.74445575657674,327.4
2,102,43.34475162187229,43.114321395661726,86.48853872633428,133.05929034820664,322.6
2,103,43.35075162187229,43.14543861007913,86.48853872633428,133.05929034820664,322.0
2,104,43.39812601995427,43.21292561323141,86.64987689420079,133.30750291415507,325.95000000000005
2,105,43.465480057970396,43.26602414778777,86.77496296480217,133.49994302277258,325.95000000000005
2,106,43.559943659490045,43.3372434163195,86.88260965333866,133.66555331282873,322.29999999999995
2,107,43.588203099072615,43.4021007257951,86.98709146970629,133.8262945687789,325.1
2,108,43.655614761113625,43.47326505001808,87.140141699211,134.0617564603246,326.6
2,109,43.68130704074902,43.54056006364017,87.11449878996247,134.0223058307115,322.65
2,110,43.73459020184247,43.60421766875507,87.27938180342174,134.27597200526424,326.2
2,111,43.83326094674222,43.659640040589274,87.43569890109269,134.5164598478349,324.75
2,112,43.90829087960022,43.71444787383223,87.57225449068613,134.72654537028637,324.6
2,113,43.967171639037424,43.77340251744248,87.68531875821236,134.9004903972498,324.8
2,114,44.07606738194729,43.84665658034861,87.87641085218783,135.19447823413515,324.20000000000005
2,115,44.1702319935389,43.92090476420222,88.1877879880008,135.6735199815397,331.54999999999995
2,116,44.34346450570717,43.989031082239094,88.35536265345618,135.93132715916337,323.25
2,117,44.34346450570717,44.07228155958846,88.35536265345618,135.93132715916337,323.25
2,118,44.349024210554,44.16351815796728,88.537473533886,136.21149774444,332.5
2,119,44.36423541862641,44.266616031607235,88.52858006316335,136.1978154817898,330.5
2,120,44.368164029030034,44.331905947660175,88.40866176819864,136.0133257972287,323.65
2,121,44.53980936170909,44.3556070796089,88.97443167174549,136.88374103345467,336.95
2,122,44.57601992363309,44.38488050403995,89.0073227153186,136.93434263895168,335.09999999999997
2,123,44.71212103466338,44.43949704416867,89.16815335008914,137.18177438475254,330.15
2,124,44.74300139932684,44.54944654845349,89.36850259874987,137.49000399807676,337.84999999999997
2,125,44.76506395053931,44.61227270803411,89.42990447957297,137.58446843011222,338.95
2,126,44.77164709641035,44.687749971693556,89.44770175047637,137.61184884688674,339.25
2,127,44.878621422837945,44.739952224336015,89.61479692812762,137.86891835096557,337.54999999999995
2,128,44.878621422837945,44.76168759379836,89.61479692812762,137.86891835096557,337.54999999999995
2,129,44.8959102848582,44.793415630354154,89.63576195759384,137.90117224245213,336.95
2,130,44.905352125271676,44.855626084509694,89.62729680407595,137.8881489293476,335.54999999999995
2,131,44.905352125271676,44.88607975489417,89.62729680407595,137.8881489293476,335.54999999999995
2,132,44.93248952161856,44.895484968956566,89.6823376830059,137.97282720462448,335.79999999999995
2,133,44.93248952161856,44.90026063657009,89.6823376830059,137.97282720462448,335.79999999999995
2,134,44.94748952161856,44.90768646977333,89.6823376830059,137.97282720462448,334.29999999999995
2,135,44.95248952161855,44.92070815854647,89.6823376830059,137.97282720462448,333.79999999999995
2,136,44.9541112011541,44.93440227047255,89.70392080214333,138.00603200329743,334.79999999999995
2,137,45.063692611531664,44.95112684276896,90.00307199284453,138.4662646043762,339.95
2,138,45.063692611531664,44.95788102780321,90.00307199284453,138.4662646043762,339.95
2,139,45.070314291067206,44.97174155528333,90.02465511198196,138.49946940304918,340.45
2,140,45.134682103324295,45.00502711302124,90.05783819188797,138.55052029521227,335.8
2,141,45.28994122686684,45.057423388985804,90.4492479927527,139.15268921961956,341.35
2,142,45.34246031834926,45.10208364150855,90.63035487693435,139.43131519528362,345.85
2,143,45.34246031834926,45.19062343899889,90.63035487693435,139.43131519528362,345.85
2,144,45.37546031834926,45.2846844547926,90.63035487693435,139.43131519528362,342.54999999999995
2,145,45.37546031834926,45.32797179379424,90.63035487693435,139.43131519528362,342.54999999999995
2,146,45.50558598235279,45.35701411009608,90.90730253865519,139.857388521008,344.45
2,147,45.53378670181217,45.376070940004325,90.96896101765118,139.95224771946337,344.95
2,148,45.53378670181217,45.39596119542216,90.96896101765118,139.95224771946337,344.95
2,149,45.58083471121661,45.436557781333605,91.06747874940228,140.1038134606189,345.54999999999995
3,0,15.714177396800896,11.26897215538677,34.23675802263023,52.67193541943111,272.1
3,1,15.83930501894101,12.975334779480127,34.54156646374759,53.14087148268861,276.0
3,2,16.054286658808746,14.166193325283794,35.20360379493053,54.159390453739285,290.15
3,3,16.443366351459368,15.598374558269462,35.82310893842455,55.11247528988393,284.59999999999997
3,4,16.96042976588537,15.975748348024947,36.631083850929976,56.35551361681536,276.40000000000003
3,5,17.745159316812217,16.263012783231417,37.55079587407983,57.77045519089205,247.45
3,6,17.745159316812217,16.66152385859541,37.55079587407983,57.77045519089205,247.45
3,7,18.559355748400332,17.127451589414864,39.74258924702919,61.14244499542952,284.05
3,8,19.266915246554856,17.5701266725078,41.15412831503045,63.31404356158531,289.3
3,9,19.514567748400328,18.060403991414113,41.49519724702918,63.838764995429514,282.9
3,10,19.74310139934156,18.717281033893606,42.103474027348625,64.77457542669022,292.8
3,11,20.183778431266152,19.232517352356975,42.71015994378,65.70793837504615,281.4
3,12,20.237558828145893,19.547716986781985,43.04403782369952,66.22159665184542,294.0
3,13,20.333378052348518,19.819360312087415,43.234059240075815,66.51393729242433,294.65
3,14,20.663291829371122,20.09644062583493,43.8913276831178,67.52511951248893,297.05
3,15,21.00749721899286,20.28706763370603,44.72278054955817,68.80427776855105,307.4
3,16,21.19767286718306,20.515668060333404,44.97103532476854,69.18620819195161,301.75
3,17,21.2790768970041,20.776722759890724,44.858499951579034,69.01307684858313,287.55
3,18,21.97648878708821,20.99988102328969,46.410907747449535,71.40139653453775,301.4
3,19,22.038033100449393,21.266606013419423,46.40820432940601,71.3972374298554,295.1
3,20,22.356386144418213,21.495998670087822,47.25385998249097,72.6982461269092,308.79999999999995
3,21,22.60000211683765,21.905939119484074,47.63200393126992,73.28000604810758,304.79999999999995
3,22,23.125562144418197,22.217360105442705,48.72504398249096,74.9616061269092,311.09999999999997
3,23,23.522865446503825,22.488030804161788,49.47682154350711,76.11818699001094,311.84999999999997
3,24,23.753590613547274,22.8175666196669,49.74002542515923,76.52311603870653,302.95
3,25,23.783145269340967,23.20088313441304,49.8859126430618,76.74755791240278,307.84999999999997
3,26,23.811792946443397,23.499451611758392,49.862972614823455,76.71226556126686,303.75
3,27,24.573132932761247,23.744250199391676,51.352104017985184,79.00323695074646,307.8
3,28,24.80472745812013,23.884785272578664,51.73113670793738,79.5863641660575,305.04999999999995
3,29,25.549302741650134,24.1765486360372,53.21513366306454,81.86943640471469,310.5
3,30,25.72671548973402,24.58224676553458,53.54368590950603,82.37490139924004,310.45
3,31,25.853189894291173,24.948132163799475,53.73956694654076,82.67625684083197,308.35
3,32,26.18117362242848,25.40511247032404,54.45825101308147,83.78192463550997,314.25
3,33,26.317788940077662,25.708106905446982,54.64325088871567,84.06653982879337,310.55
3,34,26.629443105670205,25.914892748436834,55.15703719624468,84.85698030191492,307.04999999999995
3,35,26.794254917570132,26.161168129613987,55.50861627548739,85.39787119305754,309.5
3,36,27.22109513996215,26.509255371361952,56.283676688501146,86.59027182846333,308.55
3,37,27.31263289171578,26.777262953160484,56.53910394175788,86.98323683347367,313.15
3,38,27.71040711048128,27.02767401662556,57.27689891946523,88.11830602994651,313.1
3,39,28.09839757741797,27.272835167106948,58.00952407234766,89.24542164976563,313.75000000000006
3,40,28.09839757741797,27.456897686058955,58.00952407234766,89.24542164976563,313.75000000000006
3,41,28.315510749041092,27.742039287828554,58.52509139107631,90.03860214011739,319.8
3,42,28.567180595751832,27.981881866502526,58.98504967782483,90.74623027357667,319.40000000000003
3,43,28.650332438181387,28.234632634105832,58.99740309947971,90.76523553766108,311.75
3,44,29.32090987842822,28.399910564458363,60.28826120279528,92.75117108122353,314.2
3,45,29.387863651324647,28.606429545302074,60.86574678103148,93.63961043235614,338.6
3,46,29.807916255623798,28.965866781234745,61.256773046158486,94.24118930178228,317.65000000000003
3,47,30.23524684243872,29.41405047088397,62.53231556452905,96.20356240696776,343.6
3,48,30.735492642795812,29.699629332358555,63.20134347947795,97.23283612227378,329.6
3,49,30.735492642795812,29.99788785336834,63.20134347947795,97.23283612227378,329.6
3,50,30.790754503559484,30.230342753862704,63.22225836375333,97.26501286731283,325.20000000000005
3,51,31.0910244876425,30.462047853270512,63.83375976276464,98.20578425040715,328.1
3,52,31.37139377927931,30.76640312506278,64.47887416151872,99.19826794079803,334.80000000000007
3,53,31.448865848232487,30.98427846004683,64.68960800386033,99.52247385209282,338.40000000000003
3,54,31.504897060327753,31.169421577129484,64.5568802548944,99.31827731522215,325.65000000000003
3,55,31.6918911872301,31.34576565299904,65.10936934771306,100.16826053494317,336.70000000000005
3,56,31.93794277373033,31.476994540182066,65.34439372264205,100.52983649637241,324.75
3,57,32.59783587846633,31.650253421695925,66.73612377429461,102.67095965276093,333.70000000000005
3,58,32.61580651222396,31.868296279066307,66.7323549512731,102.6651614634971,331.70000000000005
3,59,32.63268548708184,32.08209478851428,66.74234447600911,102.68052996309092,330.55000000000007
3,60,32.875483770717246,32.3469908007768,67.41704128847488,103.7185250591921,342.6
3,61,33.62131205881147,32.641086941172176,68.71115096636414,105.70946302517558,337.70000000000005
3,62,33.62131205881147,32.76931482142796,68.71115096636414,105.70946302517558,337.70000000000005
3,63,33.67027783772359,32.94825004623564,68.81880169862953,105.87507953635313,338.6
3,64,34.15283125533504,33.163970087921356,69.78461518847934,107.36094644381434,342.35
3,65,34.990529585593954,33.42187069153249,71.36076923038877,109.78579881598272,343.45000000000005
3,66,35.092655597407784,33.89383112804062,71.57643182375733,110.11758742116515,344.85
3,67,35.21748169133849,34.486242269914065,71.81475171248577,110.48423340382429,345.20000000000005
3,68,35.68971100861434,35.01623753414571,72.76046330171233,111.93917431032666,348.9
3,69,36.082122369694424,35.13109422554326,73.48922725800392,113.06034962769834,348.9
3,70,36.17018557419965,35.30793551203928,73.6889874949422,113.36767306914183,350.85
3,71,36.573080033627015,35.6487464017929,74.46972006245016,114.56880009607717,352.6
3,72,36.583223496494334,35.92364681694653,74.51177220777518,114.63349570426949,353.85
3,73,36.71693244038124,36.18860446528744,74.63101738927946,114.81694982966073,346.9
3,74,36.78465676723325,36.422084695546154,74.8886482820046,115.21330504923783,354.0
3,75,37.13406544625104,36.621016846952216,75.5477644001805,116.22732984643153,354.54999999999995
3,76,37.14142175141522,36.699885616830464,75.5168546811997,116.17977643261494,352.15
3,77,37.14142175141522,36.81205452528367,75.5168546811997,116.17977643261494,352.15
3,78,37.14505559544807,36.92212349516005,75.49481753440354,116.14587312985155,350.6
3,79,37.500469070573736,37.06519309849352,76.23287113106552,117.2813402016393,354.80000000000007
3,80,38.29480617167965,37.17764402065806,77.71456860454794,119.56087477622762,355.15
3,81,38.29480617167965,37.32259524804741,77.71456860454794,119.56087477622762,355.15
3,82,38.49835474890994,37.62968626908871,78.22258739083274,120.34244213974269,362.15
3,83,38.83486686826201,37.96426013374777,78.99889561248662,121.53676248074869,370.30000000000007
3,84,38.83486686826201,38.29640930456892,78.99889561248662,121.53676248074869,370.30000000000007
3,85,38.83550655932316,38.416717672978166,78.99079789588586,121.52430445520902,369.80000000000007
3,86,38.8510741825186,38.59918671089774,79.00113776753454,121.54021195005315,368.80000000000007
3,87,39.441692440922296,38.7711118245048,80.04414310456998,123.1448355454923,365.9
3,88,39.446870706385944,38.897933754803674,80.02497416900249,123.11534487538847,364.35
3,89,39.991355822459475,39.04040368148615,81.22744652742476,124.9653023498843,374.65000000000003
3,90,39.99199551352061,39.33014473216518,81.219348810824,124.95284432434465,374.15000000000003
3,91,40.007563136716044,39.63032301963082,81.22968868247267,124.96875181918875,373.15000000000003
3,92,40.090227445180304,39.922370903772844,81.38970811247772,125.21493555765807,373.5
3,93,40.090227445180304,39.99947800826877,81.38970811247772,125.21493555765807,373.5
3,94,40.09529147113183,40.01304803207854,81.483612732102,125.3594042032339,378.05
3,95,40.12458564807846,40.03248882096148,81.51944477500287,125.41453042308137,377.05
3,96,40.15454916718575,40.08206742247141,81.56209131048783,125.4801404776736,376.35
3,97,40.19361663838551,40.10680151796233,81.87050232843026,125.95461896681584,389.05
3,98,40.19361663838551,40.133847008289344,81.87050232843026,125.95461896681584,389.05
3,99,40.332969756310845,40.1657198613958,82.05501526172016,126.23848501803103,385.05
3,100,40.41449775631083,40.197951940352134,82.17856726172013,126.428565018031,383.55
3,101,40.42049775631083,40.24407041108779,82.17856726172013,126.428565018031,382.95000000000005
3,102,40.68393097887409,40.33738130033807,82.6845146750519,127.20694565392603,383.85
3,103,40.68393097887409,40.40915488532618,82.6845146750519,127.20694565392603,383.85
3,104,40.751481373200356,40.46047536507563,82.89353683594354,127.52851820914394,388.35
3,105,40.751481373200356,40.537991922862524,82.89353683594354,127.52851820914394,388.35
3,106,40.87675734297075,40.669920886560824,83.12619220837425,127.88644955134502,388.35
3,107,41.03572073047506,40.726641828182174,83.37126707088225,128.26348780135731,385.65000000000003
3,108,41.09436101532516,40.813795989899894,83.5860275998896,128.5938886152148,391.35
3,109,41.106051280965296,40.92782388972907,83.55759523607841,128.55014651704374,388.65000000000003
3,110,41.106051280965296,41.0193082914856,83.55759523607841,128.55014651704374,388.65000000000003
3,111,41.106051280965296,41.047078947903586,83.55759523607841,128.55014651704374,388.65000000000003
3,112,41.40857126734036,41.08478041156665,84.13984663934639,129.44591790668676,389.75
3,113,41.42584391147278,41.13081052591651,84.15056726416377,129.46241117563662,388.6
3,114,41.484910316877304,41.1898816375303,84.27419058848645,129.6526009053638,389.35
3,115,41.67350326525179,41.319681678349035,84.71357749261047,130.32858075786228,394.15
3,116,41.887326056584904,41.46677471389972,85.23696267651484,131.13378873309978,400.95
3,117,41.887326056584904,41.58084208096067,85.23696267651484,131.13378873309978,400.95
3,118,41.887326056584904,41.685936880809706,85.23696267651484,131.13378873309978,400.95
3,119,41.960646670160074,41.751040024378334,85.40191524458301,131.38756191474312,402.5
3,120,41.960646670160074,41.85125863957576,85.40191524458301,131.38756191474312,402.5
3,121,41.960646670160074,41.894142811924986,85.40191524458301,131.38756191474312,402.5
3,122,42.36263857789029,41.92459532999497,86.25154307322484,132.69468165111516,408.05
3,123,42.40982886789562,41.96968732864625,86.2881107546633,132.75093962255892,405.3
3,124,42.40982886789562,42.001174497402964,86.2881107546633,132.75093962255892,405.3
3,125,42.40982886789562,42.09103742718765,86.2881107546633,132.75093962255892,405.3
3,126,42.511508937773996,42.27992983859572,86.49830231300886,133.0743112507829,406.45
3,127,42.63645170544864,42.407386793324946,86.7071245958332,133.3955763012819,405.2
3,128,42.63645170544864,42.4424477429458,86.7071245958332,133.3955763012819,405.2
3,129,42.71504231029249,42.505701999417774,86.90879286197176,133.70583517226424,408.2
3,130,42.92440844135473,42.59219312567722,87.30690139108734,134.31830983244205,408.7
3,131,42.936182361140645,42.689561966238,87.30833867068978,134.32052103183045,407.6
3,132,42.936182361140645,42.749918534867064,87.30833867068978,134.32052103183045,407.6
3,133,42.956131816749405,42.82179213986395,87.35095908824891,134.38609090499835,407.9
3,134,42.956131816749405,42.93194173232639,87.35095908824891,134.38609090499835,407.9
3,135,43.17108792525035,42.943839647847945,87.77616328975064,135.04025121500098,409.29999999999995
3,136,43.358902569803064,42.961213725810715,88.14167620106282,135.60257877086588,410.19999999999993
3,137,43.36486407887389,42.99396384628063,88.14717614648008,135.61104022535397,409.9
3,138,43.38518156510968,43.07893557525386,88.11712290663228,135.56480447174198,406.25
3,139,43.58570272882848,43.258339708636136,88.52944792496717,136.19915065379564,408.4
3,140,43.77739242177137,43.37882642082662,88.91887164043254,136.79826406220394,410.19999999999993
3,141,43.803692133850994,43.43923823485354,88.95378539143755,136.85197752528853,409.44999999999993
3,142,43.969136444771024,43.6065884099713,89.26103911171762,137.32467555648867,409.44999999999993
3,143,43.969136444771024,43.76999219430638,89.26103911171762,137.32467555648867,409.44999999999993
3,144,43.969136444771024,43.823233331342706,89.26103911171762,137.32467555648867,409.44999999999993
3,145,44.11979114661203,43.87886493621179,89.55011212942236,137.76940327603444,409.94999999999993
3,146,44.18396220824975,43.96651037133972,89.66835838674953,137.95132059499926,409.9
3,147,44.18396220824975,43.99618014889702,89.66835838674953,137.95132059499926,409.9
3,148,44.18396220824975,44.066978732061585,89.66835838674953,137.95132059499926,409.9
3,149,44.321322542390995,44.15332016775938,89.86309900729756,138.25092154968857,406.65
4,0,15.023903259527883,10.840852467751038,32.93067748198037,50.66258074150828,270.79999999999995
4,1,16.82591463859556,13.04129164610483,36.033055757391764,55.43547039598736,257.65
4,2,16.82591463859556,14.381988143437374,36.033055757391764,55.43547039598736,257.65
4,3,17.02069348035505,15.374428955006998,36.441216463516525,56.063409943871584,260.15
4,4,18.520819613688385,16.339333784300425,39.14266499684986,60.21948461053825,255.59999999999997
4,5,18.523819613688385,17.030160277383175,39.14266499684986,60.21948461053825,255.29999999999998
4,6,19.093448580231335,17.531297091269245,40.26647593471534,61.94842451494668,258.85
4,7,19.128518406489203,18.419771443947823,40.1913913263371,61.83290973282631,251.30000000000004
4,8,20.297282688350954,18.945073299988337,42.86431070693749,65.94509339528845,278.35
4,9,20.52774658112044,19.232864172841175,42.64417222208082,65.60641880320127,243.45000000000005
4,10,20.569059981543408,19.599270525061986,42.70603996572349,65.70159994726694,242.65
4,11,20.820655210696742,20.20441753493447,43.45371681986538,66.85187203056212,257.75
4,12,21.12574740551934,20.499653039745073,44.35924518167879,68.24499258719815,276.0
4,13,21.228985091731435,20.69170035243747,44.22318659892981,68.03567169066125,258.35
4,14,21.339406872652454,20.925628648688647,44.45425562064028,68.39116249329277,259.75
4,15,21.4285571644222,21.1243233373961,44.401606162498375,68.31016332692057,248.0
4,16,21.677437612653534,21.29530328981115,45.06531270921371,69.33125032186724,258.85
4,17,22.04794694897214,21.440581313972267,45.724615762376835,70.34556271134899,257.3
4,18,22.24120396956724,21.62879671066599,46.115093086339165,70.94629705590641,259.0
4,19,22.510247210590222,21.8724532711269,46.632387676810424,71.74213488740068,259.95
4,20,22.90822394893341,22.13357429689177,47.911915905162054,73.71063985409548,289.05
4,21,23.341170827409144,22.35224143114818,48.46060296518843,74.55477379259762,275.3
4,22,23.492712504339583,22.536031493434034,48.21832322234495,74.18203572668456,247.1
4,23,23.73272196789666,22.78930075638343,48.665912226093795,74.87063419399045,247.2
4,24,23.73272196789666,23.208566662874027,48.665912226093795,74.87063419399045,247.2
4,25,24.755655023377642,23.52318983104679,50.69007361484418,77.98472863822181,253.89999999999998
4,26,24.779084317430936,23.695942505213125,50.94251373237174,78.37309804980268,265.15
4,27,25.00823681636932,23.977795089838068,51.4525826589716,79.15781947534094,269.7
4,28,25.807246500280304,24.421202148863607,53.01167207194913,81.55641857222942,273.75
4,29,26.40224984795143,24.8381491149251,53.805606860481234,82.77785670843268,257.0
4,30,26.875585934074092,25.170410233317362,54.91030244899475,84.47738838306886,269.15
4,31,26.875585934074092,25.61449863315271,54.91030244899475,84.47738838306886,269.15
4,32,27.082737834189693,26.149760189107962,55.31358454920942,85.0978223833991,270.15
4,33,27.082737834189693,26.60178295616565,55.31358454920942,85.0978223833991,270.15
4,34,27.412519267407426,26.844052470881056,55.978035782328085,86.12005504973553,272.95
4,35,27.487892301466147,26.995477765367397,56.0827285598657,86.28112086133184,271.05
4,36,27.5468059340741,27.257233614148344,56.24878244899475,86.53658838306885,274.09999999999997
4,37,28.02445681717257,27.424384000412577,57.364276946177625,88.25273376335018,286.4
4,38,28.02445681717257,27.494107297159058,57.364276946177625,88.25273376335018,286.4
4,39,29.230751649384022,27.642348669122473,59.543253063141734,91.60500471252573,283.09999999999997
4,40,29.230751649384022,27.824466150663955,59.543253063141734,91.60500471252573,283.09999999999997
4,41,29.230751649384022,28.199643004697684,59.543253063141734,91.60500471252573,283.09999999999997
4,42,29.230751649384022,28.528883998380433,59.543253063141734,91.60500471252573,283.09999999999997
4,43,29.595723428505682,29.037109801606107,60.39284351008199,92.91206693858767,292.34999999999997
4,44,29.62370646259889,29.225209750208744,60.40952628768365,92.93773275028254,290.45
4,45,30.133680809046115,29.338489538813892,61.76240721679992,95.01908802584602,312.3
4,46,30.296020018811262,29.548986627095285,61.78625146350663,95.05577148231791,297.35
4,47,30.524982550483788,29.780121467929714,62.090753308041336,95.52423585852516,290.85
4,48,30.58746233612587,30.1221429594277,62.295001481376616,95.8384638175025,295.6
4,49,30.730153128627293,30.328394440357346,62.59992723887926,96.30758036750656,297.75
4,50,30.733153128627293,30.503516093579844,62.59992723887926,96.30758036750656,297.44999999999993
4,51,30.775881398867686,30.626344835265215,62.706208312182845,96.47108971105054,298.9
4,52,30.98532066971162,30.713447861322056,63.549238386607286,97.76805905631889,323.34999999999997
4,53,30.98532066971162,30.769195127920163,63.549238386607286,97.76805905631889,323.34999999999997
4,54,31.260296724004817,30.83531956474126,63.675479630294674,97.96227635429952,302.65
4,55,31.385935103553802,30.974354380141083,63.95802233517135,98.39695743872517,305.29999999999995
4,56,31.898812527358068,31.14256349557394,65.0005804079507,100.00089293530876,310.15
4,57,31.989809538887968,31.300736031857593,65.58928914364908,100.90659868253705,332.74999999999994
4,58,32.10086824126361,31.523389912653094,65.44825530520387,100.68962354646753,314.05
4,59,32.3041921758173,31.806067188806058,66.07564261223213,101.65483478804944,327.5
4,60,33.06519659375398,32.04661713601765,67.21036510268596,103.40056169643992,312.5
4,61,33.06519659375398,32.2810277100125,67.21036510268596,103.40056169643992,312.5
4,62,33.19557124233625,32.536669518622176,67.58898945005303,103.98306069238929,319.85
4,63,33.38545133478082,32.84458836818967,68.04098105030724,104.67843238508806,325.2
4,64,33.509131003171206,33.09753511190969,68.33938614874651,105.13751715191769,328.9
4,65,33.62186807863506,33.210229606595,68.5487550031794,105.45962308181446,328.9
4,66,34.047574437270214,33.30638861108866,69.19449538350182,106.45306982077201,321.1
4,67,34.084438806516786,33.500215175413615,69.18495778353119,106.438396590048,316.90000000000003
4,68,34.19619581651058,33.716253826785014,69.65157794494823,107.15627376145882,330.85
4,69,34.67857571010971,33.95430969953652,70.39421203306091,108.29878774317066,322.6
4,70,35.02104675531397,34.188596597422254,71.1091582598688,109.3987050151828,326.85
4,71,35.02104675531397,34.356509614674714,71.1091582598688,109.3987050151828,326.85
4,72,35.02104675531397,34.569053712148225,71.1091582598688,109.3987050151828,326.85
4,73,35.16917353669946,34.780000856767984,71.28489371101327,109.66906724771272,321.5
4,74,35.30914285781311,35.00401329456256,71.66740816451005,110.25755102232316,328.1
4,75,35.46725581600963,35.12252076697243,72.01583222973215,110.79358804574176,331.05
4,76,35.60212773655308,35.24740203645381,72.28952293931286,111.21465067586594,332.3
4,77,35.81219694244486,35.36218413758579,72.72422289311186,111.88341983555668,334.7
4,78,35.907983270154006,35.47149228618955,72.77861178742886,111.96709505758285,328.04999999999995
4,79,36.13610629364473,35.618552822108654,73.3350545453402,112.82316083898492,335.2
4,80,36.25473758811639,35.792483485629155,73.52008409221614,113.1078216803325,333.29999999999995
4,81,36.59657412864929,35.99732415077114,74.23199481034865,114.2030689389979,337.45
4,82,36.706211815848825,36.16752301542255,74.45232194371923,114.54203375956801,338.35
4,83,36.706211815848825,36.33222575925587,74.45232194371923,114.54203375956801,338.35
4,84,36.893665263834805,36.51644507445626,74.6351640614075,114.8233293252423,329.45000000000005
4,85,37.300710907900225,36.663207247614054,75.54896311467184,116.22917402257204,337.94999999999993
4,86,37.416560252772335,36.78072081374228,75.82632618372006,116.65588643649241,341.29999999999995
4,87,37.524176340097746,36.961204313095614,76.04475606018153,116.99193240027927,342.29999999999995
4,88,37.68890292632949,37.198488863718886,76.30146257746905,117.38686550379855,339.65
4,89,38.05237857316096,37.42591202341717,77.10184592158464,118.61822449474562,346.4
4,90,38.058001591862364,37.5579863286287,77.10764581345867,118.62714740532104,346.15
4,91,38.2261000434404,37.75353888843871,77.81540008067502,119.7160001241154,367.44999999999993
4,92,38.37751857316096,37.97402861195459,77.71960592158464,119.56862449474562,347.15
4,93,38.53679055867328,38.14251508884415,78.08596818039325,120.13225873906656,350.95000000000005
4,94,38.756835556995,38.33817129927596,78.44262317727642,120.68095873427141,348.15
4,95,39.30854207529914,38.41947721245562,79.42729242555555,122.19583450085472,346.0
4,96,39.325521049295105,38.52021999658275,79.49968194869092,122.30720299798605,348.20000000000005
4,97,39.997177897508635,38.75208943347525,80.75818752394463,124.24336542145332,348.79999999999995
4,98,40.025789768896665,39.14007550709276,80.87910957080811,124.42939933970482,352.45000000000005
4,99,40.12524204299155,39.54562327574561,81.07494950841287,124.73069155140442,353.04999999999995
4,100,40.25002243601779,39.85146428452694,81.4190416668902,125.26006410290802,359.1
4,101,40.25433477201745,39.98490181285351,81.39919314803242,125.2295279200499,357.6
4,102,40.353126471862204,40.14584551937735,81.56780630488694,125.48893277674914,356.79999999999995
4,103,40.598751207092704,40.19874258684298,81.94410938460075,126.06786059169349,352.5
4,104,40.773109832589135,40.28199383434221,82.30506111766555,126.62317095025469,354.5
4,105,40.94460273743891,40.46260651457614,82.623547940958,127.11315067839696,354.5
4,106,40.94460273743891,40.61072657288903,82.623547940958,127.11315067839696,354.5
4,107,41.056722519095146,40.71781696835193,82.96641324974813,127.64063576884328,361.75
4,108,41.0665809611493,40.848574000329684,82.93457892784869,127.59165988899798,359.04999999999995
4,109,41.18554653121495,40.952027358384655,83.11187212939922,127.8644186606142,356.70000000000005
4,110,41.28384155193565,40.9990896072922,83.39934859645192,128.30669014838756,362.35
4,111,41.6481640830105,41.090309363073025,84.12701901130522,129.42618309431575,365.1
4,112,41.663638968397784,41.184756611037976,84.11211522702447,129.4032541954223,362.75
4,113,41.663638968397784,41.27716001652315,84.11211522702447,129.4032541954223,362.75
4,114,41.667850807446094,41.40384107858619,84.05586578525703,129.31671659270313,359.29999999999995
4,115,41.70378668097561,41.556387771670934,84.219175264669,129.56796194564464,364.5
4,116,41.727329440968155,41.65217816227313,84.20996896179801,129.55379840276618,361.65
4,117,41.91671979813271,41.677086121027436,84.7111939108179,130.32491370895062,369.70000000000005
4,118,41.933530485546214,41.700982046884384,84.68391375887154,130.28294424441776,366.54999999999995
4,119,41.93889395309756,41.75507175302891,84.64280305575261,130.21969700885018,363.79999999999995
4,120,42.134879165159695,41.8559328461137,85.20920416386802,131.09108332902775,374.70000000000005
4,121,42.1368791651597,41.93727023019615,85.20920416386802,131.09108332902775,374.5
4,122,42.1368791651597,41.95897829077954,85.20920416386802,131.09108332902775,374.5
4,123,42.172461315968,42.01943853363216,85.26228530108344,131.17274661705147,373.79999999999995
4,124,42.70634860015798,42.12792928465296,86.23614740029342,132.67099600045145,372.85
4,125,42.74752756615047,42.17273547609383,86.22626547999374,132.65579304614425,368.20000000000005
4,126,42.74752756615047,42.221674837398716,86.22626547999374,132.65579304614425,368.20000000000005
4,127,42.74752756615047,42.3930406653412,86.22626547999374,132.65579304614425,368.20000000000005
4,128,42.856512878486015,42.694395953187005,86.30702391718832,132.78003679567433,361.65
4,129,42.85836474997289,42.73715313290589,86.45532024994966,133.00818499992258,369.45000000000005
4,130,42.9351954460874,42.778230612795,86.64907725701947,133.3062727031069,372.20000000000005
4,131,43.00369385723234,42.837490190646164,86.70478859200293,133.3919824492353,368.35
4,132,43.00369385723234,42.89078602309696,86.70478859200293,133.3919824492353,368.35
4,133,43.06682340898205,42.93885485846511,86.87124347382384,133.64806688280595,371.0
4,134,43.07556469126823,42.9820640266287,86.89676299806956,133.6873276893378,371.5
4,135,43.08052929458692,43.01346933472566,86.88555440423285,133.67008369881978,370.4
4,136,43.14166286480407,43.04307590688851,87.09658817749327,133.99475104229734,375.65
4,137,43.16261739442768,43.07222186382057,87.06028944679427,133.93890684122198,371.6
4,138,43.270453526095295,43.09920317955707,87.3311279770341,134.35558150312937,375.4
4,139,43.300453526095296,43.14235610978067,87.3311279770341,134.35558150312937,372.4
4,140,43.69724670464691,43.19482077148233,88.05038673720139,135.4621334418483,371.45
4,141,43.69724670464691,43.25357757521969,88.05038673720139,135.4621334418483,371.45
4,142,43.69724670464691,43.338814797465304,88.05038673720139,135.4621334418483,371.45
4,143,43.73182794061215,43.467688155579644,88.17868046113685,135.659508401749,374.9
4,144,43.73682794061215,43.66537703225462,88.17868046113685,135.659508401749,374.4
4,145,43.753257109680746,43.716386781854865,88.28997748940712,135.83073459908792,378.74999999999994
4,146,43.8096174901424,43.735679942657825,88.39650391026447,135.9946214004069,378.84999999999997
4,147,43.850072620299805,43.749777180646234,88.4019920091282,136.00306462942797,375.09999999999997
4,148,43.857740123270595,43.77327204211956,88.47008880035968,136.10782892363028,378.0
4,149,43.862072620299806,43.81060970898151,88.4019920091282,136.00306462942797,373.9
5,0,14.220216425829,11.071556385442408,31.87175907653957,49.03347550236857,294.15
5,1,15.419098879239678,12.812641443647705,33.305255061445116,51.2388539406848,251.45000000000002
5,2,16.061847116086525,13.931737278927143,35.412644644160686,54.48099176024721,300.65
5,3,16.432928622015684,14.810855064275364,35.16486744088627,54.09979606290196,250.20000000000002
5,4,17.9215595857131,15.705976122143616,38.56553923061004,59.33159881632314,284.45
5,5,18.352787702270955,16.43395423038971,40.403605732788904,62.15939343505984,340.29999999999995
5,6,18.75777172317961,17.143209139528217,39.79907605733356,61.22934778051317,267.25
5,7,19.830074330811456,18.00717267230571,42.079280900078416,64.73735523088988,282.8
5,8,20.406006950197163,18.42914728974692,42.89908433608045,65.99859128627762,269.35
5,9,20.532553476162953,18.91087026489898,43.0412421700169,66.21729564617983,264.35
5,10,20.83578404414689,19.45876654466351,44.663884653415664,68.71366869756257,321.40000000000003
5,11,21.639169367965046,20.17496087866469,45.7575288262208,70.39619819418584,299.95
5,12,21.730523115555755,20.787632110567742,45.985685786032114,70.74720890158787,303.09999999999997
5,13,22.212210947693304,21.186918320758547,46.56546318857327,71.63917413626655,286.15
5,14,23.139476770621446,21.650353950012025,48.5790997168684,74.73707648748984,301.85
5,15,23.812442784204915,22.06019742360424,49.826108027809134,76.65555081201407,301.70000000000005
5,16,24.09356484907524,22.60131988709135,50.194977576854036,77.22304242592932,293.45
5,17,24.124672054923693,23.177763308477207,50.26017667342972,77.32334872835342,293.85
5,18,24.24457981297061,23.67529614019862,50.78093393837399,78.12451375134461,309.9
5,19,24.352309403334292,24.01125556146648,50.88628889190655,78.28659829524088,304.79999999999995
5,20,24.93200495064339,24.17313848558045,51.90715205119487,79.85715700183827,301.8
5,21,25.11932234455439,24.351679134445344,52.44074149702958,80.67806384158395,311.8
5,22,25.177409351625116,24.52929522297081,52.39726022444665,80.61116957607177,303.65
5,23,25.96258196735041,24.851813517183356,54.1785807965079,83.35166276385831,321.04999999999995
5,24,25.96258196735041,25.140015306172366,54.1785807965079,83.35166276385831,321.04999999999995
5,25,26.458704739603903,25.527723979223133,54.8492373735501,84.383442113154,307.55
5,26,26.54997095635757,25.93049849595094,55.18958891894977,84.90705987530733,316.75000000000006
5,27,27.496767436960265,26.25983688144686,56.700925240069076,87.23219267702936,303.45
5,28,27.916797183458193,26.706359501742575,57.86076619785093,89.01656338130911,323.9
5,29,29.036767436960268,27.135182962566187,59.56092524006908,91.63219267702937,303.45
5,30,29.036767436960268,27.635247898890313,59.56092524006908,91.63219267702937,303.45
5,31,29.456797183458182,27.982413511818223,60.72076619785092,93.41656338130912,323.9
5,32,29.456797183458182,28.817003789893178,60.72076619785092,93.41656338130912,323.9
5,33,29.461086040514402,29.192482621825498,60.736159789526745,93.44024583004114,324.30000000000007
5,34,30.227328847383802,29.387302779559644,62.291967859427075,95.8337967068109,331.45000000000005
5,35,30.788107049067353,29.585104749106158,63.348270233982234,97.4588772830496,332.25
5,36,30.80329565152324,29.845970309258757,63.353263352828876,97.46655900435213,331.0
5,37,31.05092884738382,30.243894651149684,63.836367859427085,98.20979670681089,332.25
5,38,31.448927434119035,30.54149330789523,64.5383652347925,99.28979266891153,330.25
5,39,31.65777697707697,30.991195311715607,64.98565724314294,99.97793422021991,333.45
5,40,31.81857102696654,31.34626318766743,65.34463190722356,100.53020293419007,336.70000000000005
5,41,31.93803732138172,31.5689835152615,65.66214073970892,101.01867806109064,341.84999999999997
5,42,32.22200508469424,31.695865399478432,66.19415230014644,101.83715738484068,342.1
5,43,32.69839031018117,31.849326041939683,67.07608200462217,103.19397231480333,341.94999999999993
5,44,32.92482328956672,32.05673687300055,67.45945753776675,103.78378082733344,339.95
5,45,33.503040628003774,32.32544120926042,68.38936116629273,105.2144017942965,332.19999999999993
5,46,33.5248490124928,32.66406087624267,68.60814816605804,105.55099717855083,341.79999999999995
5,47,33.61907549543055,33.03612599002532,68.89178306294245,105.98735855837299,347.65
5,48,34.097540628003784,33.37100925170236,69.53336116629274,106.97440179429651,334.34999999999997
5,49,34.097540628003784,33.55089152748051,69.53336116629274,106.97440179429651,334.34999999999997
5,50,34.203575495430556,33.65709736261222,70.03578306294246,107.74735855837301,350.79999999999995
5,51,34.2578026912902,33.914117972382186,69.84491928382467,107.45372197511489,335.09999999999997
5,52,34.58731777438269,34.1564393924742,70.57851872385355,108.5823364982362,341.65
5,53,34.94731733937602,34.25702088189225,71.48294648741262,109.97376382678866,354.34999999999997
5,54,35.07019500542995,34.3832471090116,71.56350501008419,110.09770001551412,346.4
5,55,35.37463080701656,34.59779758333458,72.2468143558879,111.1489451629045,352.75
5,56,35.38246138274155,34.91458027918613,72.17499971080574,111.03846109354727,348.1
5,57,35.685870151468876,35.140609103509114,72.57411599558505,111.65248614705392,339.25
5,58,36.10402756566596,35.3229162475269,73.66362262195108,113.32865018761706,356.1
5,59,36.19330881572837,35.559930914608806,73.65764494349557,113.31945375922399,346.84999999999997
5,60,36.371400784429376,35.85924548804588,73.98003002822597,113.81543081265532,346.4
5,61,36.475680472635844,36.08975964318882,74.41512087775229,114.48480135038815,359.4
5,62,37.14335334867536,36.19830675919316,75.4832990761114,116.12815242478678,350.15
5,63,37.14335334867536,36.34897136153837,75.4832990761114,116.12815242478678,350.15
5,64,37.14335334867536,36.59004209737519,75.4832990761114,116.12815242478678,350.15
5,65,37.15580802459089,36.78216832368932,75.5073577599545,116.16516578454538,350.2
5,66,37.30784360258158,36.984208410173345,75.83242383336578,116.66526743594736,352.5
5,67,38.426953348675355,37.16749510396869,77.88569907611138,119.82415242478676,351.15
5,68,38.66224346910228,37.25867119676666,78.35888072833282,120.55212419743515,353.09999999999997
5,69,38.66224346910228,37.42685308767826,78.35888072833282,120.55212419743515,353.09999999999997
5,70,39.00242909500917,37.74883951910674,79.09093974787419,121.67836884288339,358.5
5,71,39.089777363701344,38.446085583290746,79.27265796115965,121.95793532486103,359.54999999999995
5,72,39.18709706362985,38.74628266787756,79.32153740388402,122.03313446751392,352.45
5,73,39.30218196616315,38.87738644551204,79.53433793716013,122.3605199033233,352.4
5,74,39.33528035685106,39.070922814371436,79.59487780558054,122.45365816243161,352.34999999999997
5,75,39.49213137061926,39.19058037585716,79.91031540257862,122.93894677319787,353.65
5,76,39.61545386270321,39.30816724692941,80.20620003073452,123.39415389343772,357.24999999999994
5,77,39.89542089572956,39.44223010783294,81.16256737778346,124.86548827351302,380.75
5,78,40.00047266299593,39.54903809651548,80.98159208842101,124.58706475141693,360.5
5,79,40.01528379656168,39.668448825190254,80.96545562218598,124.56223941874768,358.15
5,80,40.216922981735124,39.84334792721138,81.45692839465094,125.31835137638608,364.45
5,81,40.338335003121884,40.01001252696933,81.68890786294065,125.67524286606256,364.79999999999995
5,82,40.42620275854725,40.12986634259751,81.67566226587343,125.65486502442062,355.3
5,83,40.43447091202996,40.24409578515227,81.66687455091277,125.6413454629427,353.99999999999994
5,84,40.62972009561287,40.36096675680791,82.23840874899533,126.52062884460821,365.24999999999994
5,85,40.694853154766854,40.45028945402418,82.44665585885274,126.84100901361961,369.95
5,86,40.791731686874115,40.53946689814339,82.5457874184805,126.99351910535462,365.59999999999997
5,87,40.83334922059967,40.660260914086805,82.6370056953994,127.13385491599908,366.34999999999997
5,88,41.123554774420874,40.72215497864598,83.18431600963876,127.97587078405964,366.8
5,89,41.16990045080371,40.79764414866592,83.24995798006404,128.0768584308678,365.7
5,90,41.25882317973019,40.898551287143476,83.46524304807036,128.4080662278006,368.40000000000003
5,91,41.36040880983206,41.05828692030058,83.66504493254527,128.71545374237738,368.99999999999994
5,92,41.36040880983206,41.2043744742679,83.66504493254527,128.71545374237738,368.99999999999994
5,93,41.45001696747925,41.28580482234087,83.83238865389008,128.97290562136942,369.04999999999995
5,94,41.45346318981998,41.32407498883054,83.9177173525228,129.10418054234276,373.29999999999995
5,95,41.483028488469394,41.36309039496232,83.90391005001462,129.0829385384841,369.59999999999997
5,96,41.60102390234796,41.3946801332227,84.24840153293194,129.61292543527992,376.34999999999997
5,97,41.6743790830791,41.45607267033479,84.18498972571832,129.5153688087974,365.59999999999997
5,98,41.95145410121941,41.512633803427676,85.05891475940747,130.85986886062688,384.95
5,99,41.95145410121941,41.60102337186476,85.05891475940747,130.85986886062688,384.95
5,100,42.01783157167445,41.72351180419982,84.82375863310968,130.4980902047841,365.65
5,101,42.1140357137868,41.8347977343548,85.06835203988977,130.8743877536766,369.2
5,102,42.19935230811469,41.9648178192837,85.22122571507015,131.10957802318487,368.90000000000003
5,103,42.24445822426223,42.06139311964385,85.46935098791559,131.49130921217787,377.74999999999994
5,104,42.393477227539336,42.1216904178174,85.73495770828737,131.89993493582676,377.15
5,105,42.409245381022075,42.183232012052486,85.72616999332674,131.88641537434887,375.09999999999997
5,106,42.48880789501541,42.276986996488084,85.8312146621715,132.04802255718698,372.8
5,107,42.55937606212391,42.37873905565838,86.09876982965869,132.45964589178263,380.15
5,108,42.55937606212391,42.43734319131181,86.09876982965869,132.45964589178263,380.15
5,109,42.65707056951912,42.49496692545749,86.1604167719641,132.55448734148325,373.7
5,110,42.68035546073059,42.55327982576727,86.31508871278537,132.79244417351595,379.7
5,111,42.77878307161981,42.599437593120754,86.4737399901511,133.03652306177096,378.4
5,112,42.79815302973742,42.662323585603,86.58585562665522,133.20900865639265,382.5
5,113,42.851624146073206,42.73411268722629,86.64058769985026,133.2932118459235,380.09999999999997
5,114,42.952249310946286,42.787492012307936,86.8599630060431,133.6307123169894,381.84999999999997
5,115,43.046639037561526,42.82674551851435,86.99068678404284,133.83182582160438,379.45
5,116,43.08675135385261,42.878245591353014,87.10975251429774,134.01500386815042,381.84999999999997
5,117,43.08675135385261,42.92804724901766,87.10975251429774,134.01500386815042,381.84999999999997
5,118,43.24341917717639,42.996846019501014,87.41927847189902,134.49119764907545,382.84999999999997
5,119,43.24341917717639,43.084031054713606,87.41927847189902,134.49119764907545,382.84999999999997
5,120,43.2907073381281,43.174097685328135,87.47552791366648,134.5777352517946,381.15000000000003
5,121,43.295447467347834,43.23016216814202,87.54468815364599,134.68413562099386,384.40000000000003
5,122,43.341889696502534,43.269213292900446,87.55665229350471,134.70254199000726,380.40000000000003
5,123,43.359240757766,43.295599625927835,87.621375692994,134.80211645075997,382.15000000000003
5,124,43.370921874391335,43.31757663804395,87.63285490958391,134.81977678397524,381.59999999999997
5,125,43.46468929703592,43.34482398232688,87.90635155163814,135.24054084867407,386.95
5,126,43.48967044888161,43.3679399578002,87.96295940506585,135.32762985394746,387.5
5,127,43.48967044888161,43.39334266273401,87.96295940506585,135.32762985394746,387.5
5,128,43.53107785973866,43.421137254245735,88.02778745380036,135.427365313539,386.84999999999997
5,129,43.53107785973866,43.46295856321373,88.02778745380036,135.427365313539,386.84999999999997
5,130,43.620399507917895,43.49859103926294,88.11009908613323,135.5539985940511,382.34999999999997
5,131,43.71802097375213,43.52089144965444,88.45853895125398,136.0900599250062,391.34999999999997
5,132,43.71802097375213,43.551323956271865,88.45853895125398,136.0900599250062,391.34999999999997
5,133,43.72513641180517,43.60280755664385,88.44853905049533,136.07467546230055,390.09999999999997
5,134,43.779859496938975,43.664344273455704,88.5956676371724,136.30102713411142,392.54999999999995
5,135,43.91415169969864,43.71811463284448,88.94535315658324,136.83900485628197,397.94999999999993
5,136,43.941310030493845,43.75099632314985,88.82307577091713,136.65088580141096,388.65
5,137,43.9525492949102,43.81018697736404,88.86344869054753,136.71299798545778,389.7
5,138,44.08989926806215,43.919745642567825,89.08231292640114,137.04971219446332,387.74999999999994
5,139,44.10765883093228,43.96506453044836,89.15893782887423,137.16759665980652,390.09999999999997
5,140,44.14033919128811,44.02630530996293,89.17412992667796,137.19096911796618,387.65
5,141,44.19007217993966,44.09763047874836,89.32313404845938,137.42020622839908,390.7
5,142,44.2367382467722,44.12931732559795,89.3958710297198,137.532109276492,389.95
5,143,44.26308487415659,44.16021733001764,89.45872905200511,137.62881392616174,390.7
5,144,44.27808487415659,44.19542868440298,89.45872905200511,137.62881392616174,389.2
5,145,44.28338905955732,44.229650062826074,89.49179396774932,137.67968302730665,390.45
5,146,44.35265935333296,44.25315959498927,89.6055816561898,137.8547410095228,389.65000000000003
5,147,44.35603886382092,44.27117785696251,89.67035788995314,137.95439675377406,392.8
5,148,44.36134304922166,44.29205901921697,89.70342280569736,138.005265854919,394.05
5,149,44.426759931854825,44.32579799360876,89.82955415915896,138.1993140910138,394.3
6,0,15.801189049814914,11.012587014200465,34.114208235370555,52.483397285185475,256.79999999999995
6,1,16.55196426941153,13.153754829856517,36.498362214621416,56.15132648403295,310.09999999999997
6,2,16.647522079381226,14.914891342912265,36.14468386170799,55.60720594108921,281.49999999999994
6,3,16.68058271016162,15.852333886343843,36.295225033157294,55.83880774331892,286.3
6,4,18.002421673066628,16.523438336384377,39.32021167855231,60.49263335161894,317.00000000000006
6,5,18.002421673066628,16.661507297558625,39.32021167855231,60.49263335161894,317.00000000000006
6,6,18.43278854263883,16.819772385151204,40.0433215791864,61.60511012182523,312.9
6,7,18.90269756084566,17.215214995922533,40.84265261299908,62.83485017384474,308.95
6,8,18.90869756084566,17.783774549322533,40.84265261299908,62.834850173844735,308.34999999999997
6,9,19.550549271778458,18.43132984722806,41.966877219017135,64.5644264907956,304.70000000000005
6,10,19.57304927177846,18.707542053332315,41.966877219017135,64.5644264907956,302.45000000000005
6,11,19.782882272779094,19.02817970389374,42.397424220875465,65.22680649365456,304.65000000000003
6,12,19.94354017591341,19.32253010174359,42.68650318383919,65.67154335975262,304.15000000000003
6,13,20.12770087474702,19.6488839509159,42.98858733881589,66.1362882135629,302.0
6,14,20.572459060186734,19.860554206319545,44.25749539748965,68.08845445767638,325.85
6,15,20.703673619900812,20.05376507992172,44.251393865530076,68.07906748543088,312.40000000000003
6,16,21.115311507899108,20.240354465061248,45.06136422895549,69.3251757368546,314.85
6,17,21.137405806686584,20.568708336301164,44.85446792670366,69.00687373339026,301.5
6,18,21.72840973090398,20.925592085998733,45.943689500250244,70.68259923115421,301.05
6,19,21.996721519654646,21.15171908736539,46.72891139364435,71.89063291329903,316.5
6,20,22.17072228278764,21.50761516560491,47.092912810891335,72.45063509367898,318.7
6,21,22.74818812467839,21.834421363479937,47.94342080297416,73.75910892765258,306.75
6,22,23.15806898350676,22.097595464801564,49.06398525508398,75.48305423859074,326.1
6,23,23.23772587457014,22.42087011041392,49.10791948134455,75.55064535591471,320.5
6,24,23.638678383304747,22.861136115302017,49.85904556899453,76.70622395229928,320.85
6,25,24.22182008991029,23.188742186375404,51.1472373098334,78.68805739974371,331.9
6,26,25.173608078404445,23.596550527787997,52.54527214560827,80.83888022401275,312.0
6,27,25.188608078404446,24.099237106460784,52.54527214560827,80.83888022401275,310.5
6,28,25.566608245643764,24.651679904260494,53.62148674190984,82.4945949875536,330.65000000000003
6,29,26.140151618829243,25.13158617523751,54.39228157782575,83.68043319665502,314.8
6,30,26.396545516979792,25.49216973775053,55.322513102962475,85.11155861994227,339.25
6,31,26.700967265604376,26.013757166733004,55.948224921836704,86.0741921874411,342.49999999999994
6,32,27.41976174938339,26.3032531674157,57.26455753456914,88.09931928395251,341.49999999999994
6,33,27.518862456098155,26.490651098766207,57.31860170418229,88.18246416028046,334.49999999999994
6,34,28.267665105894313,26.737509475162614,58.92280662523228,90.65047173112657,345.99999999999994
6,35,28.602402007045786,27.13935033813897,59.51196087022788,91.55686287727366,344.24999999999994
6,36,28.602402007045786,27.637389290267613,59.51196087022788,91.55686287727366,344.24999999999994
6,37,29.05047721616565,28.017082264856253,60.35895768716478,92.85993490333043,345.05000000000007
6,38,29.05047721616565,28.5180591877779,60.35895768716478,92.85993490333043,345.05000000000007
6,39,29.05047721616565,28.65214597166236,60.35895768716478,92.85993490333043,345.05000000000007
6,40,29.35783679753566,28.83223812886766,60.841554052566245,93.60239085010195,340.3
6,41,29.667156797535668,29.013155810905342,61.43643405256625,94.51759085010194,341.4
6,42,29.667156797535668,29.195939564902933,61.43643405256625,94.51759085010194,341.4
6,43,30.037867502563902,29.464934984420015,62.27996821904724,95.81533572161115,349.75
6,44,30.819384571192696,29.696571167145738,63.684928489357866,97.97681306055058,347.24999999999994
6,45,30.82497069071538,29.941424107583593,63.60987413989998,97.86134483061534,342.65000000000003
6,46,30.85815471862939,30.247213047618118,63.821001620311726,98.18615633894112,350.7
6,47,30.944716833317187,30.580024010322457,64.02354554758905,98.49776238090622,352.95
6,48,31.421715044614416,30.834515540828793,65.15825651142676,100.24347155604113,366.34999999999997
6,49,31.421715044614416,30.8775699270335,65.15825651142676,100.24347155604113,366.34999999999997
6,50,31.592372083567785,30.991681458272797,65.25883386948304,100.39820595305086,354.7
6,51,31.95057331570033,31.227976134210753,65.84327901487202,101.29735233057234,350.34999999999997
6,52,32.741417841934314,31.54567394564662,67.50141884930657,103.84833669124087,360.55
6,53,33.344439871823774,31.802640272230526,68.70395976195844,105.69839963378223,365.0
6,54,33.344439871823774,32.07150990247686,68.70395976195844,105.69839963378223,365.0
6,55,33.96536225953353,32.3876911605818,69.62867276770513,107.12103502723866,352.70000000000005
6,56,34.055801053715115,32.95615807244617,69.91455909975663,107.56086015347172,359.05
6,57,34.2708232483938,33.636559141471444,70.28417174701706,108.12949499541085,357.45
6,58,34.3525334788674,33.99361210754744,70.49999074646803,108.46152422533542,360.90000000000003
6,59,34.89210324839381,34.135062985647004,71.51969174701706,110.03029499541086,361.84999999999997
6,60,34.89210324839381,34.29393228758818,71.51969174701706,110.03029499541086,361.84999999999997
6,61,35.1168694788674,34.42468080738729,71.98261474646803,110.74248422533545,364.3
6,62,35.73592614085835,34.6967266403692,73.26879140445122,112.72121754530959,371.65
6,63,35.86546915513979,34.98432233425625,73.52329985954533,113.11276901468514,372.4
6,64,36.08737713446844,35.22882062851025,73.94655753544139,113.76393466990984,373.0
6,65,36.55749309762468,35.62946065898788,74.70170146701726,114.92569456464194,366.65
6,66,36.856816535348656,35.93463285033327,75.42473070850464,116.03804724385328,375.65
6,67,36.893977134468436,36.164953175785556,75.49095753544138,116.13993466990982,375.5
6,68,37.10122149992588,36.50147927035203,75.70962564271949,116.47634714264537,366.55000000000007
6,69,37.33800797756285,36.81633168415049,76.35087195833103,117.46287993589391,377.4
6,70,37.77445147191996,37.04214199037616,77.0899098764228,118.59986134834277,373.55
6,71,37.77445147191996,37.23067957078252,77.0899098764228,118.59986134834277,373.55
6,72,37.84102571562642,37.40604719694878,77.25161918616335,118.84864490178978,375.59999999999997
6,73,37.843245108508846,37.58475734605498,77.15266948723072,118.69641459573961,370.04999999999995
6,74,37.93824892673769,37.791370922523605,77.3885337210843,119.05928264782203,373.25
6,75,38.17168924092642,37.83167715906337,77.91306573314907,119.86625497407549,378.15
6,76,38.27008623548813,37.89158367244004,78.06980300876367,120.1073892442518,376.75
6,77,38.304161550756795,38.00403363360574,78.01608573711978,120.02474728787661,370.45
6,78,38.304161550756795,38.13473007741065,78.01608573711978,120.02474728787661,370.45
6,79,38.440507954224095,38.2295156882988,78.45222905784473,120.6957370120688,380.3
6,80,39.16174066167947,38.31811115968954,79.82694694311901,122.81068760479849,382.2
6,81,39.1852499909759,38.40893967845297,79.68953569752665,122.59928568850252,372.45
6,82,39.39055746496593,38.58477637466769,80.23796386350816,123.44302132847409,381.45
6,83,39.930023299410294,38.83902419123579,81.70411469890486,125.69863799831522,406.45
6,84,40.107278681680896,39.276432263668625,81.53094612312165,125.43222480480254,379.4
6,85,40.46788891663597,39.53442139981358,82.28329370232396,126.58968261895996,383.85
6,86,40.46788891663597,39.95271620034267,82.28329370232396,126.58968261895996,383.85
6,87,40.47292696682915,40.170333367318605,82.27129293839698,126.57121990522612,382.7
6,88,40.47292696682915,40.275176295950665,82.27129293839698,126.57121990522612,382.7
6,89,40.587116841331834,40.409976739664806,82.45550270533055,126.85461954666238,381.2
6,90,40.65105588685608,40.48133766471031,82.7469609327327,127.30301681958876,390.5
6,91,40.71845206943867,40.51507957487403,82.7449109861004,127.29986305553908,383.65
6,92,40.73523051250169,40.59094040607117,82.77978523750315,127.35351575000487,383.85
6,93,40.88474102390143,40.67553260707354,82.96737618724552,127.64211721114698,379.0
6,94,40.93704875006984,40.734123446082805,83.21309053584399,128.02013928591384,387.0
6,95,40.937614474814374,40.80596825896571,83.21042688179814,128.01604135661256,386.8
6,96,41.026861439197496,40.893267259490784,83.33624267279535,128.20960411199286,384.65
6,97,41.026861439197496,40.93620574753884,83.33624267279535,128.20960411199286,384.65
6,98,41.30043604008672,40.957358950561755,83.77095264587534,128.87838868596205,380.69999999999993
6,99,41.72297911870008,41.00691738482477,84.66710407758588,130.257083196286,386.69999999999993
6,100,41.779697439197506,41.09542926320618,84.81886667279537,130.49056411199288,389.19999999999993
6,101,41.7946974391975,41.2574212071852,84.81886667279537,130.49056411199288,387.69999999999993
6,102,41.88360149706254,41.636227197328964,85.01554563740189,130.79314713446448,389.4
6,103,42.084751685257615,41.79023618779338,85.41232455833557,131.4035762435932,390.65
6,104,42.084751685257615,41.836830126461074,85.41232455833557,131.4035762435932,390.65
6,105,42.084751685257615,41.89998708143715,85.41232455833557,131.4035762435932,390.65
6,106,42.61991747721728,41.97262443182453,86.49627531483209,133.07119279204937,395.5
6,107,42.88211002554852,42.1231356414117,86.98134719030439,133.8174572158529,395.4
6,108,43.13997208795817,42.34868196789306,87.3989481633509,134.4599202513091,392.09999999999997
6,109,43.14597208795817,42.79206557859781,87.3989481633509,134.4599202513091,391.5
6,110,43.33700169089207,42.939342200809186,87.74257456879957,134.98857625969165,390.9
6,111,43.33700169089207,43.04261763864513,87.74257456879957,134.98857625969165,390.9
6,112,43.33700169089207,43.14893286851693,87.74257456879957,134.98857625969165,390.9
6,113,43.56059787747501,43.20487630685751,88.1689674867393,135.64456536421432,391.5
6,114,43.57059787747501,43.30993560035926,88.1689674867393,135.64456536421432,390.5
6,115,43.79038666462409,43.41715854751496,88.65050380573045,136.38539047035457,394.45
6,116,43.79038666462409,43.56315334359507,88.65050380573045,136.38539047035457,394.45
6,117,43.79038666462409,43.62081746914286,88.65050380573045,136.38539047035457,394.45
6,118,43.843814618381074,43.708971272529546,88.88715571985057,136.74947033823165,401.84999999999997
6,119,43.959778557322956,43.79124971003696,88.9836601778855,136.89793873520847,395.45
6,120,44.02955226048984,43.820409767453675,89.10581134090968,137.0858636013995,395.04999999999995
6,121,44.02955226048984,43.88606740292041,89.10581134090968,137.0858636013995,395.04999999999995
6,122,44.20823988359842,43.97780845791037,89.63080264096848,137.8935425245669,405.45
6,123,44.229208926558094,44.04068681784544,89.53417372075076,137.74488264730888,398.15
6,124,44.260458026806894,44.09996118162296,89.64327919264137,137.91273721944827,400.90000000000003
6,125,44.27155495945117,44.19499299018104,89.6573877818379,137.9344427412891,400.55
6,126,44.27155495945117,44.23915820195135,89.6573877818379,137.9344427412891,400.55
6,127,44.292520236143744,44.26033176035228,89.72510900998125,138.03862924612503,402.1
6,128,44.301520236143745,44.271024047898614,89.72510900998125,138.03862924612503,401.20000000000005
6,129,44.4598722199663,44.284651191127224,89.98111983708027,138.43249205704657,399.15
6,130,44.4598722199663,44.30163644989272,89.98111983708027,138.43249205704657,399.15
6,131,44.57741722450596,44.32161874739142,90.37584627408249,139.03976349858846,408.65
6,132,44.66035500237534,44.36908319139777,90.50665929012564,139.241014292501,407.4
6,133,44.66035500237534,44.46429931690627,90.50665929012564,139.241014292501,407.4
6,134,44.67507528258763,44.52405868380713,90.49871123909129,139.2287865216789,405.5
6,135,44.67507528258763,44.62019995033037,90.49871123909129,139.2287865216789,405.5
6,136,44.73480307469016,44.66005764962793,90.60313428156743,139.3894373562576,405.15
6,137,44.750988631595014,44.67487242384592,90.66290745867644,139.48139609027143,406.75
6,138,44.766209931108904,44.694328309988535,90.57788987205942,139.35059980316836,400.65
6,139,44.84594262125932,44.72990947401038,90.87453629662446,139.80697891788378,408.65
6,140,44.84594262125932,44.7584788556302,90.87453629662446,139.80697891788378,408.65
6,141,44.86227511687628,44.78107159719241,90.85008235991307,139.7693574767893,405.7
6,142,44.89354191172465,44.829335512213795,91.03443497891723,140.05297689064196,412.5
6,143,44.90854191172465,44.85213180554529,91.03443497891723,140.05297689064196,411.0
6,144,44.92232278607941,44.86562472571657,91.06002803129036,140.09235081736983,411.0
6,145,44.92232278607941,44.88182360764042,91.06002803129036,140.09235081736983,411.0
6,146,44.93545873961787,44.908342877484905,91.0417090878618,140.06416782747976,408.7
6,147,44.94632278607941,44.91931763489129,91.06002803129036,140.09235081736983,408.59999999999997
6,148,44.967322786079414,44.92629674071538,91.06002803129036,140.09235081736983,406.5
6,149,44.97579426127577,44.936118151278414,91.07576077094075,140.11655503221658,406.5
7,0,15.854194900472425,11.226343571422122,34.69736195802023,53.38055685849268,282.9
7,1,15.892648478245547,13.200743374308953,34.45399003102745,53.006138509273015,265.95000000000005
7,2,17.866034754739616,15.26563910319857,38.678778830230726,59.50581358497037,296.1
7,3,19.183605922379396,16.107352025430547,41.96048242727602,64.55458834965542,341.05
7,4,19.865442438908808,16.89041597179318,42.56189310083066,65.4798355397395,305.25
7,5,20.022186494321414,18.16615803883936,42.39613206088263,65.22481855520405,280.65
7,6,20.19653778197059,19.03719768626688,43.190713023659676,66.44725080563029,306.0
7,7,20.673082739566638,19.698149160558298,44.52608223062376,68.5016649701904,330.25
7,8,20.939000378032244,20.11489298909813,45.029214987774175,69.27571536580643,330.75
7,9,22.013299265468817,20.454814165264125,46.51455577872782,71.56085504419667,303.29999999999995
7,10,22.013299265468817,20.810050463056754,46.51455577872782,71.56085504419667,303.29999999999995
7,11,22.347597774547385,21.135717495608368,47.20411015273086,72.62170792727827,307.0
7,12,22.60731936954735,21.489331374427767,47.62702168630222,73.27234105584957,303.8
7,13,22.953967369547353,21.9545910053529,48.40265368630222,74.46562105584957,310.90000000000003
7,14,23.3325343514869,22.42257591927007,49.63127808133281,76.3558124328197,339.2
7,15,23.339766297671673,22.687494878731357,49.05135169567596,75.46361799334763,307.25
7,16,23.930285214333086,22.97716279563933,49.81652968376146,76.64081489809458,289.40000000000003
7,17,24.390023348537675,23.33232236795475,50.67404336156997,77.96006671010765,289.6
7,18,24.599876275664844,23.65976403666242,51.43891308337756,79.13678935904238,309.8
7,19,24.879478093727496,24.036032349175787,52.05938788835106,80.09136598207856,315.25
7,20,25.53126827566485,24.418433319711532,53.168641083377565,81.7979093590424,309.8
7,21,25.579335527175466,24.75969855497334,53.070337407611575,81.64667293478703,299.7
7,22,25.725167113094493,25.1459035830755,53.56031035288978,82.40047746598428,311.5
7,23,26.142466557261542,25.53756018646154,54.47922360634288,83.81419016360445,319.25
7,24,26.562334812274408,25.754451447134393,54.99619322279533,84.60952803506973,305.1
7,25,27.324580183533175,26.067899464185828,56.951291769418766,87.61737195295197,334.15
7,26,27.67656080158584,26.42559008096055,57.10354148865942,87.85160229024525,307.15
7,27,28.358934704018104,26.849734382774898,58.26495016460505,89.63838486862313,301.45000000000005
7,28,28.358934704018104,27.253815327492955,58.26495016460505,89.63838486862313,301.45000000000005
7,29,28.359585286342668,27.622823133279955,58.37015838892209,89.80024367526475,307.05
7,30,28.83765417553196,28.030215724355166,59.24500061170222,91.1461547872342,306.35
7,31,28.893450650139375,28.386465147828567,59.37369406454455,91.34414471468392,307.70000000000005
7,32,30.051293362506303,28.54025669430755,61.95111624465458,95.30940960716092,330.7
7,33,30.19099804196978,28.818669291475032,61.85213922080102,95.1571372627708,311.4
7,34,30.19099804196978,29.153975433577553,61.85213922080102,95.1571372627708,311.4
7,35,30.695392782521036,29.635367106448957,62.79165802468194,96.60255080720299,311.55
7,36,30.735979774861676,30.17484604133951,62.81596243902882,96.63994221389049,308.8
7,37,31.63100985822918,30.33376471226065,64.87466116528277,99.80717102351198,330.15000000000003
7,38,32.858605977590855,30.665089857833994,66.8099825298116,102.7845885074025,311.6
7,39,32.858605977590855,31.02934105432084,66.8099825298116,102.7845885074025,311.6
7,40,33.331276967054706,31.69100770325225,67.67108579595872,104.1093627630134,310.7
7,41,33.331276967054706,32.5609111832848,67.67108579595872,104.1093627630134,310.7
7,42,33.333859603654794,32.985481391451884,67.64152497821604,104.06388458187081,308.85
7,43,33.869337832412334,33.22900150126598,68.6796274030515,105.66096523546386,311.2
7,44,33.91807238844036,33.36009659566159,68.77013443567496,105.80020682411534,311.2
7,45,33.95796871326237,33.49756924632523,68.8442276103444,105.9141963236068,311.2
7,46,34.168713832412344,33.74906532349393,69.23561140305151,106.51632523546388,311.2
7,47,34.326470751371524,33.920029546915664,69.61123139540426,107.09420214677579,315.65000000000003
7,48,34.43215915468586,34.01958528215864,69.8010098587023,107.38616901338813,315.3
7,49,34.568352388440346,34.187547005673245,70.00565443567494,107.70100682411532,312.7
7,50,35.16668456553313,34.36745095440598,71.14934276456152,109.46052733009464,314.45000000000005
7,51,35.16668456553313,34.55087582907648,71.14934276456152,109.46052733009464,314.45000000000005
7,52,35.35021536214729,34.74286945790674,71.54589995827355,110.07061532042087,317.45000000000005
7,53,35.70017460613353,34.928931315249315,72.20603855424798,111.08621316038152,318.0
7,54,35.70017460613353,35.13295525710485,72.20603855424798,111.08621316038152,318.0
7,55,35.81222268016862,35.34681642903125,72.35934212031317,111.32206480048185,315.05
7,56,35.86093168404384,35.54410604426035,72.56865884179571,111.64409052583957,321.45000000000005
7,57,36.00444275898237,35.710018497655504,72.84817940953867,112.07412216852101,322.15
7,58,36.60236635492436,35.80434989961161,74.2000375162881,114.1539038712125,335.15000000000003
7,59,36.60236635492436,35.93131246714067,74.2000375162881,114.1539038712125,335.15000000000003
7,60,36.77718432800988,36.169598295194035,74.20155660916122,114.15624093717112,317.75
7,61,37.81783537514833,36.446541365485665,76.26140855384689,117.3252439289952,324.59999999999997
7,62,37.81783537514833,36.76282314329661,76.26140855384689,117.3252439289952,324.59999999999997
7,63,37.81783537514833,37.13926504667658,76.26140855384689,117.3252439289952,324.59999999999997
7,64,38.097319447958746,37.62729528757781,76.76930754620909,118.10662699416781,324.0
7,65,38.15797537514833,37.809142319746414,76.8791685538469,118.27564392899521,323.84999999999997
7,66,38.33394580472596,37.889507475078695,77.28118506591963,118.89413087064557,327.9
7,67,38.41324377214158,38.01311277995798,77.4934527196915,119.2206964918331,331.4
7,68,38.510533588087235,38.18481481716642,77.68434809216198,119.51438168024917,331.95
7,69,38.673464055480416,38.32525535966749,77.85786181732077,119.78132587280118,325.0
7,70,38.810743085511724,38.46026681304798,78.14159430166465,120.21783738717642,326.55
7,71,39.17460418786811,38.59124814217815,78.7820506346122,121.20315482248033,324.65
7,72,39.17591508460698,38.74996493817313,78.78448515712724,121.20690024173422,324.65
7,73,39.29720241642361,38.897924906563844,79.11930448764384,121.72200690406746,330.55
7,74,39.343121142816116,39.091268515573546,79.12565355094424,121.7317746937604,326.3
7,75,39.385261007121485,39.23191229003832,79.30977044179706,122.01503144891856,332.0
7,76,39.417005606456044,39.296670051187235,79.63336755484694,122.512873161303,346.24999999999994
7,77,39.84713976613897,39.347325548097764,80.15918813711524,123.32182790325422,331.54999999999995
7,78,39.84713976613897,39.39535509752723,80.15918813711524,123.32182790325422,331.54999999999995
7,79,39.84713976613897,39.43954025318583,80.15918813711524,123.32182790325422,331.54999999999995
7,80,39.95319946995035,39.52234297138753,80.34779901562209,123.61199848557246,331.09999999999997
7,81,40.024347011123716,39.679477707229836,80.49664444922975,123.84099146035345,331.99999999999994
7,82,40.200904058548645,39.91886569171415,80.75675039444748,124.24115445299614,328.34999999999997
7,83,40.267945634493415,40.004264408012624,80.89054189263062,124.44698752712404,328.84999999999997
7,84,40.37363261264514,40.07691486709097,81.28646056634096,125.05609317898607,339.59999999999997
7,85,40.52370987225193,40.19873262110396,81.39431833418215,125.22202820643405,330.4
7,86,40.59178257082457,40.27236463342031,81.52073906010278,125.41652163092738,330.4
7,87,40.92442257082457,40.39274593249955,82.13849906010277,126.36692163092735,330.4
7,88,40.92442257082457,40.53701272287882,82.13849906010277,126.36692163092735,330.4
7,89,40.92442257082457,40.70461539152259,82.13849906010277,126.36692163092735,330.4
7,90,41.10146417047647,40.899669411062945,82.42271917374202,126.80418334421853,328.0
7,91,41.14882551796198,40.94323378795573,82.67967596192939,127.19950147989137,337.09999999999997
7,92,41.320318422811766,40.99139276974019,82.99816278522185,127.68948120803361,337.09999999999997
7,93,41.65743351618282,41.117819303881895,83.69109081576809,128.7555243319509,340.7
7,94,41.65743351618282,41.1935510894291,83.69109081576809,128.7555243319509,340.7
7,95,41.736350980771995,41.34606623710137,83.85529467857656,129.00814565934854,341.65
7,96,41.740176895207085,41.46585439508455,83.96268566252745,129.17336255773455,347.05
7,97,41.938603292674216,41.60455631807516,84.16033468639495,129.4774379790691,337.84999999999997
7,98,42.015006822748255,41.723100227376484,84.35329838510391,129.7743052078522,340.6
7,99,42.015006822748255,41.80282506785167,84.35329838510391,129.7743052078522,340.6
7,100,42.023709901401645,41.885419622827456,84.3787469597459,129.8134568611475,341.1
7,101,42.10866767838681,41.96145046567949,84.56902568843263,130.1061933668194,342.85
7,102,42.36553304377241,42.01079991584403,85.11570422414876,130.94723726792117,346.6
7,103,42.4985890437724,42.08996894723476,85.36280822414875,131.32739726792119,346.6
7,104,42.51105805092283,42.18044769680677,85.37296495171384,131.3430230026367,345.90000000000003
7,105,42.596651881255994,42.29089043639464,85.64706777947542,131.76471966073143,352.1
7,106,42.67941788471092,42.45198349169098,85.6280617858917,131.73547967060261,342.8
7,107,42.71255096217375,42.54472322876699,85.64502321546553,131.76157417763926,340.4
7,108,42.72620214560693,42.60665184934224,85.81244684184145,132.0191489874484,348.05
7,109,42.77479351895386,42.66194684953454,85.9333308209143,132.20512433986818,349.7
7,110,42.87261591819659,42.72377010042128,85.98407241950794,132.28318833770453,342.6499999999999
7,111,42.99651874848601,42.77442205902439,86.27082053290259,132.7243392813886,345.7
7,112,43.12927059977921,42.84279756665443,86.5387168281614,133.13648742794064,346.84999999999997
7,113,43.460673624688006,42.92939450373566,87.2386795887063,134.21335321339433,351.4
7,114,43.47302731456379,43.02176259260393,87.22726501276131,134.19579232732508,349.54999999999995
7,115,43.47302731456379,43.09800543824014,87.22726501276131,134.19579232732508,349.54999999999995
7,116,43.52558293410769,43.18487607349472,87.3406540204857,134.3702369545934,350.40000000000003
7,117,43.52836688152716,43.336958608997676,87.2724670656933,134.26533394722048,346.45
7,118,43.756953456559074,43.504172807281265,87.76477070503827,135.02272416159735,350.1
7,119,43.78619745312735,43.53877502879236,87.81908098437937,135.10627843750675,350.1
7,120,43.858725453127356,43.578898910628034,87.94263298437937,135.29635843750674,349.5
7,121,43.858725453127356,43.65073173968621,87.94263298437937,135.29635843750674,349.5
7,122,43.858725453127356,43.750149623647545,87.94263298437937,135.29635843750674,349.5
7,123,43.86056146232167,43.806844740221045,87.91447128716882,135.2530327494905,347.8
7,124,43.864225453127354,43.846209366291596,87.94263298437937,135.29635843750674,348.95
7,125,43.920552584626115,43.85945461270971,88.25431194287705,135.77586452750313,360.09999999999997
7,126,43.946784043825254,43.86282959610558,88.13309893853261,135.58938298235785,350.95
7,127,43.95228404382526,43.87776076628313,88.13309893853261,135.58938298235785,350.4
7,128,43.95228404382526,43.91304668520963,88.13309893853261,135.58938298235785,350.4
7,129,43.96466005626279,43.94433541321737,88.15144010448807,135.61760016075095,350.15
7,130,44.01148374516113,43.9531182287201,88.28668409815637,135.8256678433175,352.75
7,131,44.06895430117764,43.962327029279926,88.44355798790133,136.06701228907897,355.45
7,132,44.110473300563434,43.980672067546365,88.49187898676067,136.1413522873241,353.9
7,133,44.16914408544668,44.01852531455874,88.57112473011527,136.26326881556196,352.3
7,134,44.188368347237315,44.06143356084933,88.59196978772643,136.2953381349637,351.5
7,135,44.188368347237315,44.1138146096007,88.59196978772643,136.2953381349637,351.5
7,136,44.22418925538776,44.15511511664522,88.7077086171487,136.47339787253645,354.15
7,137,44.29160260439513,44.179954514089,88.87190483673383,136.726007441129,356.25
7,138,44.30660260439513,44.20374667067711,88.87190483673383,136.726007441129,354.75
7,139,44.33290627656018,44.23681565785644,88.9356116564689,136.82401793302904,355.55
7,140,44.33290627656018,44.28848773009422,88.9356116564689,136.82401793302904,355.55
7,141,44.37848787242591,44.31609274260552,89.02026319164811,136.95425106407401,355.55
7,142,44.39569377301976,44.33443035823159,89.06800272132244,137.02769649434228,356.40000000000003
7,143,44.49030636951815,44.34644443141949,89.37835468624799,137.50516105576614,363.65000000000003
7,144,44.53457560865184,44.373491075164374,89.34914041606771,137.46021602471956,357.65000000000003
7,145,44.53457560865184,44.414497305689856,89.34914041606771,137.46021602471956,357.65000000000003
7,146,44.560806137413216,44.46427693697619,89.39413996948169,137.5294461068949,357.45
7,147,44.572157204517566,44.51665738076417,89.43379195124692,137.5904491557645,358.45
7,148,44.58715720451757,44.54628237703866,89.43379195124692,137.5904491557645,356.95
7,149,44.60386016282885,44.56125740394467,89.44345458811073,137.60531475093958,355.8
8,0,14.317617686400176,10.994600550121504,31.164004274743185,47.944621961143355,246.29999999999998
8,1,15.251117041285346,12.531948534002863,33.04436021952993,50.83747726081528,254.2
8,2,16.082838325449227,13.869204233175214,33.984485461548566,52.28382378699779,221.65
8,3,16.145539389520568,14.7899905448803,34.40457315196677,52.93011254148735,238.0
8,4,16.822524774618685,15.532779035673434,35.842903152863265,55.14292792748194,247.75
8,5,17.375821338517547,16.077517813788983,37.07566820010401,57.03948953862155,258.8
8,6,17.9981300907825,16.41009798015182,37.7912415971675,58.14037168795,235.10000000000002
8,7,18.951085071850873,16.953998422591948,39.892515133437335,61.37310020528822,252.95000000000002
8,8,19.06852262916038,17.685246131197907,39.929542025583565,61.43006465474396,243.2
8,9,19.56509887276478,18.290345535287237,41.12846933513459,63.27456820789937,258.1
8,10,19.76368507185088,18.768385470705095,41.436915133437346,63.74910020528822,254.85000000000002
8,11,19.905311738517547,19.089263498605714,41.69622180010401,64.14803353862156,254.65
8,12,20.15573216712957,19.483528728092146,42.573574024669206,65.49780619179879,276.85
8,13,20.199405393386066,19.84587056909752,42.486610016288424,65.36401540967452,267.80000000000007
8,14,20.568686890635476,20.00196316029113,42.64406136832303,65.60624825895852,239.35000000000002
8,15,20.568686890635476,20.156037897784664,42.64406136832303,65.60624825895852,239.35000000000002
8,16,20.819871729566664,20.28521542617982,43.40861892633809,66.78249065590477,255.40000000000003
8,17,20.819871729566664,20.440173774733534,43.40861892633809,66.78249065590477,255.40000000000003
8,18,21.352556992469424,20.641280871831377,44.827820128871785,68.96587712134121,278.55
8,19,21.41603457933331,20.824769676393462,44.38763564733328,68.28867022666658,248.5
8,20,21.871231947007253,21.078412486376497,45.41685933015633,69.87209127716359,258.4
8,21,22.284216355838257,21.430329118211095,46.191258946556765,71.06347530239502,258.8
8,22,22.334143700329584,21.75373283332038,46.28026687204066,71.20041057237027,258.6
8,23,22.644332569523808,22.068041422835343,47.061546200544235,72.4023787700681,269.65
8,24,22.798551392518597,22.308247997292433,47.19195258610597,72.60300397862457,261.25
8,25,23.120112809217876,22.47331421744415,47.766852359976056,73.48746516919394,260.05
8,26,23.46549252013015,22.741247960295336,48.38505753738458,74.43855005751477,258.8
8,27,24.491087786767515,23.01355683478652,50.491234461139676,77.6788222479072,269.65
8,28,24.49939217618702,23.284881361609987,50.31258547006161,77.40397764624865,259.2
8,29,24.661770904781775,23.621964046503916,50.593717394594734,77.83648829937653,258.1
8,30,24.787225649807098,24.055722996799236,50.88984763535604,78.29207328516314,261.5
8,31,25.519613085479897,24.409164683569877,52.59356715874838,80.91318024422827,280.0
8,32,25.751434677688,24.759695353954786,53.17452154427772,81.80695622196572,288.1
8,33,25.838625541617674,25.028634758189597,53.0448760058614,81.60750154747907,272.4
8,34,26.04356732159541,25.37565088255742,53.51369645439148,82.3287637759869,277.15000000000003
8,35,26.452979602600525,25.65805331234791,54.52010497625812,83.87708457885864,290.4
8,36,26.964681476919676,25.82842862644611,55.093408457136555,84.75908993405626,270.1
8,37,27.145373793957116,26.066990835289076,55.553408474491775,85.46678226844887,276.8
8,38,27.344573643833762,26.419117148424853,55.91406533854842,86.02163898238219,276.3
8,39,28.19336747967041,26.966496388458935,57.535896747959335,88.51676422762975,278.75
8,40,28.21648834944605,27.168848539729563,57.51847836325695,88.48996671270302,275.5
8,41,28.465500128734924,27.48558998108109,58.0914288105077,89.37142893924259,281.45
8,42,28.62827759028823,28.007456830973027,58.370515524821,89.80079311510924,280.20000000000005
8,43,29.05635459391548,28.32230552691057,59.15251567441446,91.00387026832993,279.5
8,44,29.184460384520186,28.51234380131264,59.39878357125178,91.38274395577199,279.95
8,45,29.320299823843854,28.80889342987099,59.564699672852896,91.6379994966968,275.3
8,46,29.547304906743623,29.102384186243807,60.09770911252386,92.45801401926747,281.3
8,47,29.592248518133594,29.263639455443343,60.12731867653381,92.5035671946674,278.40000000000003
8,48,30.076330083477263,29.432366568050902,61.10804158360064,94.01237166707793,282.8
8,49,30.076330083477263,29.591293997063467,61.10804158360064,94.01237166707793,282.8
8,50,30.594399490292126,29.77586062393389,62.02281333911394,95.41971282940605,280.25
8,51,30.713503576196015,29.974734811831684,62.267220927221175,95.7957245034172,281.5
8,52,31.353202635449325,30.263829439426456,63.634447751548734,97.89915038699804,291.15
8,53,31.353202635449325,30.5121625147144,63.634447751548734,97.89915038699804,291.15
8,54,31.877694576241662,30.75889831698068,64.62800421302023,99.42769878926191,292.2
8,55,31.877694576241662,30.983582889783417,64.62800421302023,99.42769878926191,292.2
8,56,32.307634233717685,31.4159715360434,65.29646357690426,100.45609781062194,285.2
8,57,32.307634233717685,31.687841067347897,65.29646357690426,100.45609781062194,285.2
8,58,32.307634233717685,31.945460209059995,65.29646357690426,100.45609781062194,285.2
8,59,32.397106873333506,32.17287618452541,65.44126990761937,100.67887678095289,284.05
8,60,32.74465005942295,32.28099578171964,66.25106439607119,101.92471445549413,292.9
8,61,32.812554541320324,32.390577381752216,66.48581557673775,102.28587011805811,298.75
8,62,33.76973193310665,32.54188958168246,68.06935930434094,104.72209123744761,288.3
8,63,33.91402859788868,32.79409426157268,68.36519596750755,105.17722456539622,289.8
8,64,34.36609648414042,33.06333157659055,69.23075061340363,106.50884709754405,291.2
8,65,34.64609225131572,33.58847430455824,69.82038560958634,107.41597786090206,294.95
8,66,34.64609225131572,33.99472981674582,69.82038560958634,107.41597786090206,294.95
8,67,34.792627724202696,34.30176515231096,70.07673720209071,107.81036492629339,294.09999999999997
8,68,35.039808869730855,34.5438163190845,70.54414504378587,108.52945391351673,294.54999999999995
8,69,35.070366557999535,34.74025428389085,70.62039503628483,108.64676159428433,295.59999999999997
8,70,35.11882309255425,34.91820552327074,70.65374288617217,108.69806597872639,292.55
8,71,35.87918422765575,35.05055945697177,72.25434213707496,111.16052636473069,302.7
8,72,35.87918422765575,35.14064532682838,72.25434213707496,111.16052636473069,302.7
8,73,36.47264371880935,35.31231755902744,73.20512404921736,112.6232677680267,294.55
8,74,36.47264371880935,35.50860467060513,73.20512404921736,112.6232677680267,294.55
8,75,36.58511947534239,35.83472647076868,73.5087218827787,113.09034135812107,299.65
8,76,36.905840964764565,36.109049477623536,74.12849036313419,114.04383132789876,300.95
8,77,36.905840964764565,36.436622839021275,74.12849036313419,114.04383132789876,300.95
8,78,37.249534500239754,36.53095134173175,74.77234978615957,115.03438428639936,301.25
8,79,37.249534500239754,36.65401566064691,74.77234978615957,115.03438428639936,301.25
8,80,37.628053526772234,36.933765385742156,75.56259940686272,116.25015293363495,305.95000000000005
8,81,37.628053526772234,37.187415068580144,75.56259940686272,116.25015293363495,305.95000000000005
8,82,37.71088928158614,37.3550243565924,75.68672295151714,116.44111223310334,304.35
8,83,37.878348037249225,37.50828976518083,75.89836064060572,116.76670867785498,299.0
8,84,37.93509007772043,37.66280443171874,76.17181014433795,117.1874002220584,308.05
8,85,38.104320464052606,37.74551001075572,76.60216657609772,117.84948704015036,314.29999999999995
8,86,38.19793640390584,37.86336855414049,76.69431046439657,117.99124686830243,309.90000000000003
8,87,38.51208223745283,38.005438430597835,77.16629558384099,118.71737782129387,303.9
8,88,38.61627796673613,38.12780720022515,77.41551622393852,119.10079419067466,306.9
8,89,38.823542803905845,38.28737241536403,77.93600806439657,119.90155086830242,314.20000000000005
8,90,39.09273378723865,38.51500842360181,78.46193417630036,120.71066796353904,315.59999999999997
8,91,39.33365505287675,38.75389764250445,78.87500224105685,121.34615729393366,313.75
8,92,39.40700708113768,38.93734596569514,79.0910845792557,121.67859166039344,318.05
8,93,39.41830193038038,39.11792537546973,79.08977501356358,121.67657694394401,316.84999999999997
8,94,39.82260429526761,39.33248799085501,79.92326511978273,122.9588694150504,321.3
8,95,39.83774887957466,39.42370696727392,79.83717649063865,122.82642537021333,315.15
8,96,40.12805711916831,39.54380924838664,80.45896322131259,123.78302034048093,319.6
8,97,40.12805711916831,39.77993090848267,80.45896322131259,123.78302034048093,319.6
8,98,40.2219937203311,39.88883494394265,80.63620262347204,124.05569634380316,319.75
8,99,40.29195405155139,39.978648207464424,80.87570038145262,124.42415443300408,325.65
8,100,40.44578110700512,40.126227947321354,81.09359348443812,124.75937459144333,322.0
8,101,40.57195536154145,40.261529470814665,81.53963138571986,125.44558674726136,333.40000000000003
8,102,40.81296430891509,40.372687804638055,81.92129085941374,126.03275516832886,329.85
8,103,40.81296430891509,40.47167148086122,81.92129085941374,126.03275516832886,329.85
8,104,40.83496413018086,40.598201209825824,81.90550481319302,126.00846894337388,326.8
8,105,40.987773663931115,40.71639547690184,82.30443680444351,126.62221046837467,333.0
8,106,41.01954813018085,40.83046359206329,82.27616081319302,126.57870894337388,328.3
8,107,41.15122966570906,40.91906328818653,82.60149795060258,127.07922761631171,332.65000000000003
8,108,41.15122966570906,41.00335831969483,82.60149795060258,127.07922761631171,332.65000000000003
8,109,41.27969330552051,41.07075304472814,82.71100185310952,127.24769515863005,325.7
8,110,41.32081366570908,41.15798236685988,82.97215395060259,127.6494676163117,335.65000000000003
8,111,41.62494616155708,41.242313979908005,83.64561430003455,128.6855604615916,341.5
8,112,41.62494616155708,41.30692593845654,83.64561430003455,128.6855604615916,341.5
8,113,41.62494616155708,41.3770180735673,83.64561430003455,128.6855604615916,341.5
8,114,41.62494616155708,41.46280860494998,83.64561430003455,128.6855604615916,341.5
8,115,41.768261391016466,41.536632166265015,83.87834258331628,129.04360397433274,339.70000000000005
8,116,41.78326139101647,41.62756519329485,83.87834258331628,129.04360397433274,338.20000000000005
8,117,41.78326139101647,41.64881140632136,83.87834258331628,129.04360397433274,338.20000000000005
8,118,41.85219394070286,41.697985280751006,84.03328874701961,129.2819826877225,339.65000000000003
8,119,41.85219394070286,41.763293573974316,84.03328874701961,129.2819826877225,339.65000000000003
8,120,41.88687368348941,41.785837145958666,84.10976541219463,129.39963909568408,340.3
8,121,41.951475505056536,41.811092532530616,84.27338308081926,129.65135858587576,342.65
8,122,41.97677408602649,41.85852165162555,84.33708044547775,129.74935453150422,343.55
8,123,42.17728715854374,41.906869953152935,84.88217615158126,130.58796331012508,352.85
8,124,42.18783569137889,41.966974047280786,84.7977662839894,130.45810197536835,347.25
8,125,42.35166169964621,42.069449838295135,85.11130029934296,130.94046199898918,347.75
8,126,42.37862315848795,42.18181142731807,85.04622872290619,130.84035188139416,341.54999999999995
8,127,42.463621116188406,42.26868791615958,85.23379635863559,131.12891747482394,343.15
8,128,42.46798536656335,42.352171787103956,85.37190139504622,131.34138676160958,350.15
8,129,42.73657123680201,42.42101847225134,85.93570372548943,132.20877496229144,353.65
8,130,42.86235337831284,42.4770527570953,86.03001341686672,132.3538667951796,346.15
8,131,42.89538835708304,42.52748822390552,86.01986409172564,132.33825244880865,342.29999999999995
8,132,42.89538835708304,42.648880985503176,86.01986409172564,132.33825244880865,342.29999999999995
8,133,43.063910857832404,42.81633335816589,86.60304873597448,133.23545959380692,356.85
8,134,43.08787231667416,42.89431028812701,86.53797715953772,133.13534947621187,350.95000000000005
8,135,43.09384575196412,42.95425594672896,86.54535639650479,133.1467021484689,350.75
8,136,43.23540376268219,43.060060419043566,86.92153555926694,133.72543932194918,356.85
8,137,43.259365221523936,43.09816287583818,86.85646398283018,133.62532920435413,350.95000000000005
8,138,43.282009594242055,43.136045232265516,86.9430892464495,133.75859884069152,353.35
8,139,43.34218749720667,43.22286128146682,87.1300624948124,134.0462499920191,357.4
8,140,43.370942584273415,43.26381568216638,87.07017908507919,133.9541216693526,351.29999999999995
8,141,43.51536275233031,43.29307003804069,87.55938796861345,134.7067507209438,363.20000000000005
8,142,43.52861396274703,43.33382059657813,87.35278307367305,134.38889703642008,350.75
8,143,43.59301194010332,43.37125744105878,87.63116503162044,134.81717697172377,359.29999999999995
8,144,43.69036418910995,43.41392866837417,87.6986763512042,134.92104054031415,353.20000000000005
8,145,43.73180657019366,43.50046444727617,87.83321220178824,135.12801877198194,356.29999999999995
8,146,43.73180657019366,43.599978410122574,87.83321220178824,135.12801877198194,356.29999999999995
8,147,43.773484814339916,43.66771246470949,87.75832894091701,135.01281375525699,348.1
8,148,43.79108197627984,43.71079537892263,87.885723670234,135.20880564651387,353.20000000000005
8,149,43.858263518522236,43.748662432437385,88.00491796296988,135.39218148149217,352.9
9,0,16.495255585172455,11.384911112309982,36.06433180103456,55.483587386207034,292.4
9,1,16.50429797999236,13.16810466586626,35.96041053427152,55.32370851426387,285.9
9,2,17.181242504704876,14.704580149384693,37.303950365880496,57.3906928705854,290.55
9,3,17.181242504704876,16.311554634984525,37.303950365880496,57.3906928705854,290.55
9,4,18.378071996890583,16.80722015832722,39.14313370851109,60.220205705401675,269.9
9,5,18.78884943419731,17.196278969798296,40.399077520652156,62.15242695484949,296.45
9,6,18.97031137222358,17.665459238443255,40.39714969127236,62.14946106349594,278.2
9,7,19.07708679142933,18.322422342690274,40.97058975551162,63.03167654694097,298.4
9,8,19.385504378439588,18.829196269331046,41.641793845673526,64.06429822411313,303.7
9,9,19.920130994864802,19.111401489846273,42.920671847606066,66.03180284247088,319.1
9,10,21.125764273028178,19.389032350515905,44.368562221338046,68.25932649436622,276.5
9,11,21.292616566464535,19.77533159109162,44.53171648057699,68.51033304704151,268.6
9,12,22.011194003241414,20.378788700046126,46.05193172030549,70.84912572354692,278.59999999999997
9,13,22.011194003241414,21.16160229227239,46.05193172030549,70.84912572354692,278.59999999999997
9,14,22.23732901724719,21.491079240307293,46.770896746316225,71.95522576356345,294.70000000000005
9,15,22.542931184575774,21.90865156122608,47.36351505706929,72.86694624164507,296.05
9,16,22.76925185392609,22.167844048808,47.77825344300559,73.50500529693167,295.75
9,17,23.190989456370623,22.40712112970389,48.60605184754543,74.77854130391603,298.15000000000003
9,18,23.455488951479023,22.662789942765208,49.269979481318195,75.79996843279724,307.45
9,19,24.275030572653954,22.883448780315966,50.69819963492878,77.99723020758275,302.40000000000003
9,20,24.375079384967126,23.23397169004664,50.70293314351038,78.0045125284775,292.65000000000003
9,21,24.860477085875228,23.548497408470233,51.63595744519686,79.4399345310721,294.35
9,22,25.261255795088484,24.005103076141193,52.6365464765929,80.97930227168138,308.15000000000003
9,23,25.680672788192275,24.492570927462573,53.379249463785655,82.12192225197794,306.2
9,24,26.304187392430286,24.862682121265085,54.57620515737053,83.96339254980082,308.3
9,25,26.359168065098377,25.28250738311668,54.518597835182696,83.87476590028106,299.7
9,26,26.426665605857643,25.693040285109305,54.71266469659277,84.17333030245042,303.40000000000003
9,27,26.992973056376677,26.075435906120557,55.86466424755668,85.94563730393335,308.8
9,28,27.24577003519347,26.397797197457376,56.27100149393073,86.57077152912422,305.4
9,29,28.090091176130176,26.670949423443638,57.72759789852746,88.81168907465762,299.4
9,30,28.97832321094321,27.08883218282023,59.723528820323104,91.88235203126632,318.05
9,31,28.97832321094321,27.451146876578584,59.723528820323104,91.88235203126632,318.05
9,32,29.13571379443578,27.94956374742485,60.031611332523596,92.35632512695939,318.9
9,33,29.264450720028336,28.50078296335814,60.18990848005264,92.599859200081,314.55
9,34,29.77373017240678,28.919356098086364,60.995498891612606,93.8392290640194,307.0
9,35,29.77373017240678,29.22582749854534,60.995498891612606,93.8392290640194,307.0
9,36,30.140277478572973,29.496175745686287,61.67994388877838,94.89222136735137,307.2
9,37,30.294507648032898,29.700570652425355,62.06294277491824,95.48145042295116,312.40000000000003
9,38,30.749332386233544,29.905517645367944,62.94104586014802,96.8323782463816,314.2
9,39,31.369069545428665,30.187384953428694,64.36220058436753,99.0187701297962,328.75
9,40,31.419631776215653,30.53622607903185,64.54617329868621,99.30180507490186,333.5999999999999
9,41,31.423936833508314,30.856354165768764,64.21709697651544,98.79553381002374,315.45
9,42,31.72717541494322,31.234147659778532,64.84989719918028,99.76907261412353,319.2
9,43,31.752371759905074,31.43093726346537,64.81033326839513,99.70820502830018,314.54999999999995
9,44,31.978913928842513,31.512220389183685,65.22734015356465,100.34975408240715,314.35
9,45,33.05026957297139,31.674760533461324,67.29871492123257,103.53648449420396,318.75
9,46,33.07787792677291,31.94117760430239,67.37320186400683,103.65107979077973,320.0
9,47,33.97161855266826,32.263990993865285,69.0162915978125,106.17891015048077,319.1
9,48,33.97161855266826,32.82295110564509,69.0162915978125,106.17891015048077,319.1
9,49,34.122025425267324,33.219073482617084,69.54169007549646,106.9872155007638,332.35
9,50,34.211508198674395,33.544564504030554,69.50637236896675,106.93288056764118,321.5
9,51,34.441476786056576,34.00101800126682,69.86009974553366,107.47707653159028,317.55
9,52,34.534428080340966,34.145496570579716,70.40136643491894,108.30979451525992,337.4
9,53,34.78320467823405,34.29131014276508,70.94695154529181,109.14915622352588,341.9
9,54,34.847743784368845,34.50287744242,70.92009559954215,109.10783938391104,334.0
9,55,35.09818631978056,34.63725326773535,71.42141745102104,109.87910377080163,335.95
9,56,35.23271515952018,34.7622625016742,71.89318529625174,110.60490045577188,347.9
9,57,35.62553561461445,34.91199274491384,72.46763756999826,111.48867318461272,339.55
9,58,36.40862343397873,35.07723964246402,74.03708637738906,113.90320981136776,345.74999999999994
9,59,36.64924559372652,35.30662003510342,74.5127418169207,114.63498741064726,347.29999999999995
9,60,36.65254948797533,35.610851732084605,74.57923476338274,114.73728425135806,350.54999999999995
9,61,36.98815136724762,36.001475579948796,75.3557096820313,115.93186104927895,358.8
9,62,37.19721909721726,36.52549878402188,75.51740689483206,116.18062599204936,346.59999999999997
9,63,37.240483414308144,36.71947952408362,75.6061120551437,116.31709546945184,347.05
9,64,37.46119599095754,36.90166159554629,76.06243541177831,117.0191314027359,349.55
9,65,37.93732578187998,37.18133132721629,76.99217645206282,118.44950223394281,352.0
9,66,37.93732578187998,37.28684985387872,76.99217645206282,118.44950223394281,352.0
9,67,37.979233371941895,37.472328871783674,76.94371911932066,118.37495249126258,345.2
9,68,38.85192888072756,37.65791981701372,78.69258220706547,121.06551108779303,352.1
9,69,38.85192888072756,37.817145366768536,78.69258220706547,121.06551108779303,352.1
9,70,39.260161142852034,38.12984538336547,79.48879926529663,122.29046040814868,354.15000000000003
9,71,39.260161142852034,38.60007169527299,79.48879926529663,122.29046040814868,354.15000000000003
9,72,39.260161142852034,38.88544528155749,79.48879926529663,122.29046040814868,354.15000000000003
9,73,39.28862669727205,38.99554240662385,79.61316386636238,122.48179056363445,358.0
9,74,39.44904992125057,39.20995361912652,79.82380699660821,122.8058569178588,353.30000000000007
9,75,39.44904992125057,39.28055650005688,79.82380699660821,122.8058569178588,353.30000000000007
9,76,39.44904992125057,39.321480241447034,79.82380699660821,122.8058569178588,353.30000000000007
9,77,39.53999489307635,39.39441451770024,79.99549051571323,123.0699854087896,353.45000000000005
9,78,39.6417629474531,39.45348222085718,80.21420261669863,123.40646556415176,355.05000000000007
9,79,39.75602826559484,39.50392644989577,80.40598106467613,123.70150933027097,353.95
9,80,39.77976874372702,39.58537162973192,80.3479276669216,123.61219641064864,348.45
9,81,39.86518573948234,39.67166519017528,80.71827351618148,124.18195925566381,359.85
9,82,39.919661659574544,39.73269404809725,80.69037165349559,124.13903331307014,352.90000000000003
9,83,39.98115190165057,39.796617354586466,80.89835353163679,124.45900543328737,357.95
9,84,40.22542918517906,39.857592121059625,81.63151134390395,125.586940529083,373.0
9,85,40.30602634711897,39.936425489593894,81.75890607322094,125.7829324203399,371.8
9,86,40.30602634711897,40.00969881682585,81.75890607322094,125.7829324203399,371.8
9,87,40.42107785737958,40.11572709778587,82.08028744941922,126.27736530679879,377.6
9,88,40.438852428811,40.258062202654465,82.10215451064902,126.31100693946004,377.0
9,89,40.50333707061412,40.34090179522372,82.22191170256909,126.49524877318322,377.0
9,90,40.56630202064028,40.42162028814561,82.35184660976053,126.69514863040084,377.70000000000005
9,91,40.56630202064028,40.45051975479721,82.35184660976053,126.69514863040084,377.70000000000005
9,92,40.67021651468334,40.4905912290548,82.57175924155479,127.03347575623816,379.15
9,93,40.83912474318381,40.55470562485713,82.95137452305565,127.61749926623948,382.7
9,94,40.96478882715277,40.60641282466673,83.20332210756943,128.0051109347222,383.7
9,95,40.99978447519122,40.68640361725106,83.26181402535514,128.09509850054638,383.34999999999997
9,96,41.32598759247718,40.82631768699843,84.08954838602908,129.36853597850632,395.29999999999995
9,97,41.346987592477184,40.99428274847431,84.08954838602908,129.36853597850632,393.2
9,98,41.36565435176911,41.1164224237097,84.07221522471407,129.3418695764832,390.40000000000003
9,99,41.39698353163586,41.254165174274,84.0050408444666,129.23852437610248,383.65
9,100,41.489022180466584,41.3468219659699,84.36911262086653,129.79863480133315,394.04999999999995
9,101,41.50768893975851,41.37825647187172,84.35177945955152,129.77196839931005,391.25
9,102,41.85118753624235,41.44060020351547,84.98877685302153,130.75196438926395,391.20000000000005
9,103,42.0047212392155,41.52891019625892,85.29712515854307,131.22634639775856,392.45
9,104,42.0137212392155,41.62424527396546,85.29712515854307,131.22634639775856,391.54999999999995
9,105,42.11779027278486,41.80102553801862,85.45232479231476,131.46511506509964,389.5
9,106,42.21725549675022,41.90171877433456,85.67883163682187,131.81358713357218,391.75
9,107,42.376289199723374,42.0251952962722,85.9871799423434,132.28796914206677,392.45
9,108,42.376289199723374,42.08772689570018,85.9871799423434,132.28796914206677,392.45
9,109,42.4556809800508,42.19637107910457,86.1169789629515,132.48765994300237,391.5
9,110,42.4556809800508,42.273089744372655,86.1169789629515,132.48765994300237,391.5
9,111,42.55778210457316,42.369844342997816,86.30566676563586,132.77794887020903,391.45
9,112,42.560230718184606,42.41528182207592,86.26285704805716,132.71208776624184,388.9
9,113,42.627173884900586,42.474050253335626,86.43546578624397,132.9776396711446,391.5
9,114,42.73189038232635,42.51970846527932,86.56401071003464,133.17540109236097,387.95
9,115,42.73189038232635,42.570632278076616,86.56401071003464,133.17540109236097,387.95
9,116,42.73189038232635,42.61085560688817,86.56401071003464,133.17540109236097,387.95
9,117,42.90647903044646,42.69308074608773,86.91981819940058,133.72279722984706,389.65000000000003
9,118,42.90647903044646,42.74410854359016,86.91981819940058,133.72279722984706,389.65000000000003
9,119,42.913383287176124,42.78089913841777,86.8824975333271,133.66538082050323,386.95
9,120,43.01966410520881,42.85575212191161,87.20801905253069,134.1661831577396,393.85
9,121,43.01966410520881,42.9103397268522,87.20801905253069,134.1661831577396,393.85
9,122,43.094372795760606,42.933390932676474,87.36069233498398,134.4010651307446,394.59999999999997
9,123,43.094372795760606,42.98318424665563,87.36069233498398,134.4010651307446,394.59999999999997
9,124,43.218364247863974,43.04227746943272,87.5853907460331,134.7467549938971,394.3
9,125,43.27983477870604,43.09178168522432,87.68376458902549,134.8980993677315,393.45
9,126,43.34047319386707,43.165350067342494,87.81402164575313,135.0984948396202,394.4
9,127,43.4528276835558,43.23987383186818,88.00225141231793,135.38807909587376,393.3
9,128,43.4603276835558,43.3041961663693,88.00225141231793,135.38807909587376,392.55
9,129,43.520966098716805,43.357136807082036,88.13250846904555,135.58847456776246,393.5
9,130,43.520966098716805,43.39966037547228,88.13250846904555,135.58847456776246,393.5
9,131,43.58790894360358,43.45929164979889,88.32647375240666,135.88688269601025,397.25
9,132,43.5980531459777,43.50472611144061,88.30352727110144,135.85158041707913,395.0
9,133,43.6063386200414,43.55536958325419,88.29105743721973,135.83239605726112,393.5
9,134,43.63607822497265,43.589579945987005,88.40943098923492,136.01450921420758,396.90000000000003
9,135,43.639777349005435,43.59838184062155,88.43022936243867,136.0465067114441,397.65000000000003
9,136,43.639777349005435,43.60669380589766,88.43022936243867,136.0465067114441,397.65000000000003
9,137,43.669777349005436,43.61743801465897,88.43022936243867,136.0465067114441,394.65000000000003
9,138,43.7229788845551,43.63566273387658,88.68317507131661,136.43565395587171,402.95
9,139,43.7289788845551,43.65151441011023,88.68317507131661,136.43565395587171,402.35
9,140,43.7589788845551,43.67119647844679,88.68317507131661,136.43565395587171,399.35
9,141,43.75936195600651,43.692009397535614,88.66902934686925,136.4138913028758,398.55
9,142,43.786612147046114,43.719243721162734,88.63327970165706,136.35889184870317,393.90000000000003
9,143,43.786612147046114,43.74365188812283,88.63327970165706,136.35889184870317,393.90000000000003
9,144,43.804612147046115,43.76499612256701,88.63327970165706,136.35889184870317,392.1
9,145,43.874617457949306,43.77766849475612,88.83757527904872,136.67319273699806,396.1
9,146,43.874617457949306,43.79473330796898,88.83757527904872,136.67319273699806,396.1
9,147,44.01807827083508,43.81631707815184,89.16621678869373,137.17879505952882,399.45
9,148,44.0487115333261,43.85162284371049,89.11632141903418,137.10203295236028,393.7
9,149,44.0487115333261,43.90459685977224,89.11632141903418,137.10203295236028,393.7
